Name,Phone,Email,Address,Age
Gareth Z. Lott,1 79 758 7260-7778,arcu.Morbi.sit@mauriselitdictum.com,749-9763 Mollis. Road,46
Dennis C. Molina,1 49 636 6124-7508,vitae@aodio.com,Ap #403-9384 Mattis Av.,67
Omar Y. Nash,1 39 633 6072-6840,eu.euismod@tellus.edu,335-419 Donec St.,25
Stacey C. Guerrero,1 80 783 7379-9761,mus.Proin@nonbibendum.edu,Ap #801-3407 Enim. Rd.,56
Amelia U. Mcgowan,1 24 223 3016-7446,molestie.in@metusurna.org,"P.O. Box 157, 8466 Enim. Street",45
Nicholas W. Michael,1 56 528 9312-6132,tristique.senectus.et@etmagnaPraesent.com,4953 Nulla. Avenue,62
Carl Y. Le,1 10 669 1333-1373,ligula.consectetuer@nequeet.org,996-572 Sollicitudin Ave,25
Xavier Q. Webster,1 81 271 3471-5058,erat@anteiaculis.com,580-4657 Maecenas St.,23
Rinah E. Hughes,1 94 152 3703-9501,elementum@Suspendissenonleo.com,175 Tellus Rd.,41
Xander A. Gordon,1 44 886 7373-5916,Donec@turpis.com,1847 Phasellus Rd.,64
Kiayada V. Paul,1 51 891 2391-9747,velit@luctusut.org,3632 Pharetra Road,50
Amery Q. Torres,1 38 296 7146-2692,feugiat.Lorem.ipsum@elit.org,468-8198 Sagittis. St.,34
Rana R. Molina,1 46 609 4280-9955,est@gravidamolestie.ca,"P.O. Box 318, 7304 Non, Rd.",33
Louis D. Cameron,1 99 763 4233-6616,dictum.Proin@Quisque.com,2882 Nec Rd.,27
Jael L. Hebert,1 27 138 9255-5979,faucibus@maurisSuspendisse.edu,"P.O. Box 287, 9537 Vulputate Rd.",47
Sigourney W. Sheppard,1 12 344 9587-5031,Pellentesque.ultricies@tellusfaucibusleo.org,"P.O. Box 444, 3046 Feugiat St.",56
Madeline S. Klein,1 23 504 8393-2410,Duis.gravida.Praesent@facilisisvitae.ca,513-2782 Mollis Avenue,47
Lucy W. Mullen,1 42 404 7551-4807,et@placerataugueSed.com,Ap #835-4926 Ut Ave,42
Clementine T. Waters,1 85 469 7091-7569,vestibulum.Mauris.magna@velitegestaslacinia.org,9483 Ac Rd.,50
Molly M. Hurley,1 29 716 5600-5715,tempor.lorem.eget@in.ca,8605 Aliquam St.,63
Eden W. Jennings,1 31 665 7628-3753,non.egestas.a@dapibus.org,6671 Quam Av.,49
Tashya K. Shaffer,1 77 726 9316-9921,dignissim.tempor.arcu@maurisMorbinon.ca,"P.O. Box 648, 647 Aliquam Road",26
Hyacinth V. Shepard,1 17 644 4170-0016,non@ipsumPhasellusvitae.ca,"P.O. Box 513, 7747 Tellus. St.",45
Lana P. Haney,1 77 458 2226-6336,quis.accumsan@Namtempordiam.com,Ap #838-5694 Fusce St.,56
Xenos N. Avery,1 55 913 7595-7173,sem.Nulla.interdum@arcuCurabiturut.org,7023 Cubilia Street,30
Sean B. Greene,1 41 146 5056-3222,ut.dolor.dapibus@Nullamenim.com,"P.O. Box 680, 3712 Ut, Ave",33
Vaughan A. Campbell,1 29 423 5280-7864,morbi@duiquis.org,"P.O. Box 888, 932 Porttitor Av.",61
Wesley F. Pitts,1 36 428 4607-1352,a@sedturpisnec.org,"P.O. Box 342, 7783 Lectus. St.",63
Hilel Z. Mueller,1 36 748 4811-1729,justo.Praesent.luctus@malesuadafames.org,"P.O. Box 408, 5748 Mollis Avenue",38
Gil E. Sheppard,1 32 825 4992-2844,eu@felisadipiscingfringilla.edu,"P.O. Box 912, 1669 Id Road",18
Bertha P. Kinney,1 58 460 6531-9212,lacus.Ut@nequetellusimperdiet.edu,9062 Egestas Ave,66
Garrett W. Arnold,1 50 906 5801-9662,amet.nulla.Donec@Nullaeget.ca,Ap #988-923 Aliquam St.,38
Miranda H. Becker,1 63 348 4489-8790,ridiculus.mus.Donec@miDuisrisus.org,Ap #221-4803 Tempus Rd.,50
Merritt S. Hurley,1 11 737 2620-0699,quam.dignissim@vulputatemaurissagittis.com,285-4836 Lacus. St.,61
Reed I. Mejia,1 42 813 9976-0391,hendrerit.Donec@aliquet.edu,Ap #315-322 Eu Road,60
Malik I. Day,1 50 984 2655-5422,at.iaculis@Vivamus.edu,870-6181 Id Av.,59
Jillian V. Small,1 34 169 1585-7412,eu@risusDonec.edu,2451 Interdum. Rd.,29
Mari C. Olsen,1 34 613 8545-5403,elit@fringillaDonecfeugiat.edu,Ap #214-8635 Netus Ave,59
Levi B. Parsons,1 83 795 3475-3398,sed.dui.Fusce@Maurisutquam.com,Ap #820-9535 Urna. St.,34
Iona E. Blevins,1 36 934 3048-3858,non@anteVivamusnon.org,8252 Nec St.,56
Bell O. Holder,1 17 919 3885-3067,eu.euismod.ac@Donecfelis.ca,Ap #994-196 Proin Street,20
Alyssa W. Acevedo,1 80 331 1320-6081,in.consectetuer@nonarcuVivamus.ca,666-5752 Sit Ave,45
Geoffrey O. Martin,1 46 524 6577-6106,a.enim.Suspendisse@eteuismod.org,Ap #302-5087 In Ave,34
Jermaine X. Calhoun,1 14 558 1114-7725,dis.parturient@ametrisus.edu,2998 Lorem Rd.,19
Mason G. Valdez,1 22 721 7753-6648,felis@euismodurna.org,202-7275 Purus Ave,25
Odette L. Murray,1 73 494 6777-4537,non@aliquam.edu,230-6160 Augue Rd.,25
Karleigh W. Phillips,1 64 501 8413-0907,Ut.tincidunt@purus.ca,1474 Dolor. Road,57
Harding X. Mcmahon,1 97 476 1111-3065,massa@malesuadaaugue.com,128-7733 Malesuada Avenue,39
Holly O. Maddox,1 29 219 9565-6878,Nullam@scelerisquescelerisque.edu,419-861 Ullamcorper. St.,42
Patience G. Bruce,1 25 876 7886-7333,Mauris.quis.turpis@tristique.com,"P.O. Box 949, 1900 Cursus St.",33
Indigo J. Lindsey,1 92 514 9916-7044,lorem.ut.aliquam@malesuadautsem.ca,Ap #313-1451 Accumsan Street,55
Felicia Y. Bolton,1 65 594 7451-4531,Maecenas@lobortisnisi.edu,363-3457 Ornare Road,51
Sophia U. Mayo,1 68 855 4948-7949,imperdiet.nec@dignissim.com,8053 At St.,53
Hyacinth Z. Clarke,1 78 836 5240-7802,egestas.lacinia.Sed@nibh.org,1590 Hendrerit St.,35
Kelsie I. Gross,1 40 750 5398-9404,convallis.ligula@laoreet.ca,"P.O. Box 202, 8393 Id, St.",56
Chantale X. Reeves,1 52 386 4514-0438,nunc.nulla@Quisqueornaretortor.edu,Ap #708-2754 A Street,57
Selma P. Hancock,1 65 440 6792-0444,justo.nec@laoreetlectusquis.com,782-351 Ligula Road,46
Gillian V. Park,1 25 271 7068-7370,non.sapien@acfermentum.ca,"815-3910 Lectus, Av.",48
Berk Q. Carey,1 64 346 8630-4462,adipiscing@arcu.com,"283-1157 Lorem, Ave",28
Jasper P. Torres,1 10 776 3018-9819,lacinia@ultriciesligula.ca,"P.O. Box 975, 9840 Nisl. Rd.",56
Hammett W. Coleman,1 66 717 7844-1459,dui.semper@lectus.org,"P.O. Box 670, 3648 Risus, Av.",55
Murphy S. Gates,1 47 922 6042-8372,In.mi@orciadipiscingnon.org,7096 Donec Rd.,39
Octavia B. Sears,1 15 742 2124-4758,dignissim@erat.org,219-6005 Commodo St.,42
Penelope F. Joseph,1 22 122 6968-1806,in@arcu.ca,Ap #191-9836 Cum Street,56
Jaquelyn I. Burch,1 98 810 1123-7296,elit.fermentum@ascelerisquesed.edu,"P.O. Box 577, 7279 Orci St.",38
Donovan K. Schwartz,1 12 532 4134-2565,ante@nonummyac.com,"432-2800 Dui, Ave",48
Jermaine I. Russell,1 80 220 4746-1605,ullamcorper.Duis.cursus@in.ca,5115 Consequat Avenue,33
Kiayada R. Sweet,1 84 267 1692-7302,facilisi@Sedeueros.ca,"P.O. Box 294, 6577 Mi Ave",26
Cassady R. Lawrence,1 50 618 1258-2275,Mauris@sociosquad.edu,677-9758 Erat St.,21
Martena S. Compton,1 83 348 3092-1279,nec.ante@Sednuncest.ca,"P.O. Box 223, 6383 Risus. Ave",37
Jeremy J. Ewing,1 59 527 9527-8360,erat.in@IntegerurnaVivamus.com,Ap #676-498 Consectetuer St.,32
Sebastian Y. Clayton,1 26 252 2148-0007,ut.lacus.Nulla@accumsanlaoreet.ca,"P.O. Box 780, 3797 Arcu Ave",33
Ebony J. Alvarado,1 68 540 2663-8786,eros.Proin.ultrices@etrutrumeu.org,Ap #993-2741 Nunc Avenue,32
Chaney Q. Atkinson,1 53 788 5335-5029,libero.Proin.mi@idmagnaet.org,"P.O. Box 452, 5238 Magnis Road",26
Abdul L. Kramer,1 36 591 7606-1407,a.neque.Nullam@idenimCurabitur.ca,Ap #665-4058 Lectus Ave,61
Simone J. Romero,1 17 840 6907-6673,Aliquam.adipiscing.lobortis@Donec.edu,"P.O. Box 415, 2829 Proin Road",58
Sonia F. Townsend,1 77 907 8928-5183,amet.orci.Ut@nulla.edu,Ap #542-8828 Et Rd.,19
Lacy H. Delacruz,1 40 258 9597-3801,ac.ipsum@amet.edu,"P.O. Box 767, 2434 Gravida Avenue",53
Heidi O. Pierce,1 42 876 9927-9766,gravida@hymenaeosMaurisut.ca,9519 Curabitur Street,61
Mollie P. Castaneda,1 98 964 4921-5108,id.erat.Etiam@lobortismauris.org,930-9966 Venenatis St.,35
Daquan H. Richards,1 14 563 3607-0992,morbi.tristique@vitae.ca,"152-5731 Et, Avenue",38
Jolene K. Kelley,1 87 218 6549-8195,gravida@euaugue.com,"4989 Sapien, Ave",24
Nyssa E. Sutton,1 32 776 5586-3418,libero.mauris@elitpellentesquea.org,"P.O. Box 694, 8020 Eu, Road",55
Ingrid F. Mcknight,1 53 276 4330-8895,libero@maurisaliquameu.ca,450-2499 Suspendisse St.,49
Kerry K. Townsend,1 33 158 4669-0031,consequat.nec.mollis@in.com,Ap #407-8948 Aliquet St.,46
Macy U. Ferrell,1 38 761 1669-0259,magna@Vivamusnisi.org,"683 Consectetuer, Road",64
Barbara G. Mccoy,1 91 829 2067-1748,parturient.montes@Mauris.org,6585 Molestie Av.,34
Ishmael H. Bradford,1 50 402 4216-1278,commodo@sedturpis.org,Ap #488-5955 Facilisi. St.,18
Darius R. Hubbard,1 68 784 7240-5711,in.molestie.tortor@amagnaLorem.org,"P.O. Box 511, 5630 Nulla Road",26
Charde T. Workman,1 22 288 1665-3804,vel.pede@Nuncmauris.org,684-2163 Nunc Rd.,58
Paula J. Nguyen,1 98 460 6893-0505,Quisque.libero.lacus@duisemper.com,9188 Id Avenue,21
Galvin S. Greer,1 51 524 4080-1490,pharetra.sed.hendrerit@atpede.com,7874 Bibendum. Ave,18
Deanna X. Reese,1 28 355 8609-1400,Praesent.eu@bibendumDonec.edu,Ap #123-8854 Eu Road,25
Orla Y. Strickland,1 71 763 5880-6506,blandit.at.nisi@Morbiquisurna.ca,158-3550 Morbi St.,61
Quemby T. Hale,1 91 688 7550-0381,fringilla@ac.edu,7195 In Rd.,36
Veronica L. Castro,1 30 267 1739-6041,dui@iderat.org,"3266 Et, Road",43
Kasper H. Ross,1 31 336 5481-1994,magna.Duis.dignissim@sedpede.org,"P.O. Box 782, 4220 Pede Av.",57
Catherine C. Curtis,1 77 999 1236-7749,turpis.Nulla.aliquet@massaSuspendisseeleifend.com,"Ap #198-7445 Sed, St.",38
Erin V. King,1 16 113 7037-1517,varius@id.ca,"P.O. Box 922, 4650 Bibendum St.",29
Joshua Z. Mathews,1 98 579 2714-5182,sodales@Donecnibh.org,960 Ac Road,18
Sade Y. Franco,1 35 484 3790-6178,eu.arcu@egestasurnajusto.org,3989 Sit Ave,36
Damon D. Ramirez,1 37 966 3101-6486,molestie.arcu@anteipsumprimis.com,"747-1040 Eget, Rd.",50
Jeanette A. Bauer,1 82 796 5922-2333,turpis@orci.edu,160-7065 Ultrices Road,65
Henry A. Hines,1 18 107 4879-3615,ligula.eu.enim@nostraperinceptos.org,"776-2042 Sapien, Rd.",53
Caldwell K. Elliott,1 16 806 7174-5514,tempor.erat.neque@lobortismauris.ca,"P.O. Box 903, 9260 Sed Road",42
Christopher R. Norton,1 98 928 6193-8102,malesuada.vel@risusDonec.org,"P.O. Box 132, 252 Duis Ave",37
Aquila H. Tucker,1 51 920 8126-8461,sodales@Cum.com,Ap #406-2377 Et Avenue,32
Haley H. Ellison,1 73 208 3013-8365,convallis@ligula.com,4157 Dolor. Road,26
Orson N. Wallace,1 92 825 6576-4075,Nullam.enim@auctorveliteget.edu,251-2937 Mauris. St.,29
Kenneth Q. Bird,1 78 627 8003-7503,vulputate.ullamcorper.magna@turpis.com,717-3711 Tellus. Road,43
Victor U. Levy,1 20 887 6394-1045,dolor.sit.amet@feugiatmetus.edu,"Ap #271-8364 Ullamcorper, St.",66
Minerva I. Lara,1 24 896 9847-4869,congue@nuncsed.com,Ap #434-8307 Nisi. St.,58
Uriel Q. Arnold,1 86 228 6082-9666,Cum@nisiAenean.org,"P.O. Box 600, 8296 In Rd.",29
Callie B. Cooke,1 91 150 7726-3246,rhoncus@Aliquam.com,413-4318 Quisque Road,61
Isabella R. Wolf,1 71 870 9760-5421,lectus.rutrum.urna@Namporttitorscelerisque.ca,Ap #205-4827 Velit Ave,21
Justina M. Schultz,1 42 509 6866-8438,sem@Sed.org,3797 Sit Avenue,54
Marah V. Bruce,1 21 396 7217-1758,sagittis.felis@sagittis.com,538-2142 In Rd.,23
Hammett M. Chen,1 18 699 7284-9066,Aliquam@gravida.ca,Ap #182-5512 Ut Street,34
Leigh N. Banks,1 74 714 5744-5629,rutrum.lorem@Phasellusin.org,Ap #797-1249 Ac Road,61
Jane K. Craft,1 87 434 8063-5379,sem.eget.massa@ipsum.ca,"P.O. Box 210, 3134 Nisi Road",47
Nissim S. Bond,1 65 993 7461-2686,elit@aliquameu.edu,7727 Mollis Street,59
Dominic Y. Walsh,1 65 662 2211-5761,nunc.sit.amet@Donecluctusaliquet.com,"9824 Mi, Avenue",18
Melodie X. Dillard,1 40 239 7864-0862,mauris@lacinia.com,"P.O. Box 768, 9999 Gravida Rd.",19
Nelle A. Stephens,1 75 369 3832-5299,dictum@arcuSed.ca,118-5052 Congue Rd.,66
Brandon Y. Dodson,1 29 816 4323-6069,dolor.dapibus@justoProinnon.edu,5025 Magna St.,64
Ezra Y. Watkins,1 89 108 2973-6079,augue.ut@amet.com,352-2752 Amet St.,67
Jeanette M. Bates,1 43 431 3321-5288,sed.hendrerit.a@pedeCras.com,"422-5167 Tellus, Av.",43
Marny T. Rosa,1 62 806 2493-8350,adipiscing.elit.Etiam@nullaIntincidunt.org,324-2851 Suspendisse Street,34
Odysseus V. Moody,1 22 698 9795-9442,mi@sollicitudinadipiscingligula.org,"370-1163 Non, Street",52
Rama Y. Grant,1 10 692 8527-4079,elit.Nulla.facilisi@nonsapien.org,9190 Hymenaeos. St.,57
Arthur B. Fischer,1 29 859 9648-9341,accumsan@morbi.ca,554-5804 Fusce St.,49
Mari N. Herman,1 44 846 8316-2811,Quisque.fringilla.euismod@mollislectus.org,458-3405 Dis St.,45
Patrick D. Shepherd,1 44 588 1736-4781,tempus.lorem.fringilla@blanditenim.com,562-3156 Nibh. Av.,37
Zoe S. Pate,1 54 568 1179-2428,auctor.velit.eget@arcuAliquamultrices.ca,"P.O. Box 801, 3169 Urna Road",65
Amaya G. Schroeder,1 48 913 4602-6296,arcu.eu@pedeultricesa.edu,"891-4577 At, St.",56
Alice B. Delacruz,1 92 926 7180-5418,Aenean@imperdieteratnonummy.ca,"P.O. Box 369, 6059 Quis Ave",23
Madeline O. Jordan,1 45 844 1377-0851,senectus.et@tempus.com,"P.O. Box 363, 721 Nec, St.",57
Germaine J. Greer,1 59 803 4888-8156,ut@sit.ca,"P.O. Box 576, 661 Vehicula. Rd.",27
Leroy G. Gomez,1 47 671 6519-9977,luctus.vulputate.nisi@urnanec.edu,"728-9791 Laoreet, Ave",63
Tallulah Y. Knight,1 10 334 9911-5735,adipiscing.ligula.Aenean@ultrices.edu,Ap #337-6444 Eleifend Av.,37
Mariam J. Gill,1 52 843 9764-7569,Nam@sociis.edu,Ap #797-1149 Imperdiet Avenue,41
Jade C. Guerrero,1 80 425 7009-0864,sem.Nulla@parturient.com,5817 Sit Av.,37
TaShya E. Coffey,1 96 637 5316-9879,id.nunc.interdum@vestibulumnequesed.edu,863-9349 Dis Rd.,58
Mariam J. Terrell,1 17 617 2719-2518,amet.consectetuer@Morbimetus.ca,653-4317 Dignissim. St.,62
Vivian V. Evans,1 79 719 5612-9938,euismod@augue.com,Ap #855-546 Et Rd.,56
Benedict E. Navarro,1 96 573 4443-9142,dignissim@acmattis.org,"Ap #839-9438 Id, Avenue",29
Jin H. Robles,1 38 948 5868-2135,dapibus@pede.org,Ap #890-4637 Nisi. Avenue,40
Iona J. Faulkner,1 67 290 1848-3352,ridiculus.mus@temporaugue.org,"P.O. Box 743, 5889 Nibh. St.",18
Colton M. Hutchinson,1 69 705 5145-2391,nec.tellus.Nunc@Crasconvallis.ca,"P.O. Box 144, 7898 Tellus. Rd.",34
Brendan X. Kirk,1 27 463 3348-8534,ridiculus.mus.Donec@diamnunc.com,632-9140 Dis Rd.,23
Neil X. White,1 10 492 2284-5183,lectus@Duiselementumdui.com,844-5167 Est. Av.,63
Eliana U. Britt,1 48 728 8770-8083,sed.facilisis@fermentum.edu,Ap #132-665 Vel Rd.,38
Ezekiel X. Sullivan,1 21 195 8786-5536,nisl.Maecenas@quamdignissim.ca,6967 Ante. Avenue,51
Leigh R. Ellison,1 66 955 2661-2491,et@inconsequatenim.edu,Ap #844-7923 Dictum. Av.,31
Quail Z. Patton,1 42 309 9044-2104,Proin.vel@etrutrum.org,"P.O. Box 168, 4116 Accumsan Street",61
Quemby Q. Delaney,1 19 494 6255-1606,euismod.mauris.eu@Pellentesqueultriciesdignissim.org,"P.O. Box 840, 6559 Phasellus Ave",44
Sharon Y. Pittman,1 74 235 2655-3709,vestibulum.lorem.sit@hendreritnequeIn.org,8405 Ipsum. St.,39
Mark G. Bentley,1 35 105 8561-0885,vitae.mauris@luctus.edu,"P.O. Box 709, 6726 Nulla St.",33
Stella D. Matthews,1 32 255 8652-4096,luctus@loremfringilla.edu,Ap #797-1799 Dis Avenue,54
Sylvester J. Sims,1 27 930 2556-3226,hymenaeos.Mauris.ut@acarcu.com,"P.O. Box 542, 3850 Ligula Ave",18
Barry E. Case,1 80 112 7157-3039,magna.Duis@Integer.edu,Ap #860-9138 Sagittis Rd.,30
Stone Q. Heath,1 84 802 8140-8656,Cum.sociis.natoque@nonleoVivamus.edu,"P.O. Box 799, 6389 Cras St.",51
Emma O. Jones,1 53 912 5937-8428,libero@luctusvulputate.ca,2038 Dolor. Av.,38
Vielka E. Farley,1 69 505 1442-6929,Curabitur.sed.tortor@Sedet.ca,612-6974 Orci Av.,39
Isaac P. Johns,1 84 909 8503-5487,metus@tinciduntaliquamarcu.com,867-1467 Dolor Rd.,31
Cally Z. Patel,1 61 519 8008-9582,at@in.com,Ap #301-9019 Convallis Avenue,18
Mariko D. Ray,1 99 884 1360-1700,enim.Etiam@sedsemegestas.org,Ap #761-6621 Egestas. Av.,44
Dora K. Stuart,1 35 244 1235-2622,mi.felis.adipiscing@commodo.org,662-944 Ac Av.,33
Daniel Z. Savage,1 70 813 4388-4019,adipiscing.elit@viverra.org,690-9077 Nec Avenue,33
Ava K. Lester,1 47 235 3266-5044,tempor.arcu@placeratvelit.ca,Ap #965-6337 Ac Rd.,48
Jameson M. Figueroa,1 73 117 8313-6303,tincidunt.vehicula.risus@iaculisaliquetdiam.com,3489 Vitae Avenue,30
Hayden F. Warren,1 15 730 4606-4895,mus@ametloremsemper.edu,"2325 Magna, Street",53
Daria O. Cannon,1 63 956 9022-1791,quam@arcu.ca,4260 Fermentum Avenue,66
Neil U. Mosley,1 93 108 6481-0723,facilisis@non.com,Ap #700-2310 Nulla. Street,55
Luke E. Bell,1 67 836 2370-0181,vel@porttitortellus.org,Ap #252-9967 Donec Rd.,63
Naomi C. Newman,1 42 258 9416-5536,Quisque.fringilla@ipsumprimis.ca,775-7783 Nunc St.,67
Gareth Z. Warren,1 36 630 9567-4090,tellus.Suspendisse@augueSed.edu,6857 Quisque Ave,60
Tarik P. Avery,1 79 969 2254-3409,lectus@ut.org,9486 Ultrices. Rd.,54
Ronan N. Nunez,1 55 450 1507-4190,mauris.Morbi.non@euneque.com,907-6689 Nunc St.,18
Kiara Y. Marshall,1 33 678 2232-3920,Curabitur.ut@Crassedleo.edu,5395 Imperdiet Avenue,53
Winter P. Sloan,1 68 218 4542-4648,Curae;.Donec.tincidunt@dolorDonecfringilla.ca,Ap #560-6786 Egestas. Rd.,18
Jada O. Jordan,1 24 470 3820-2854,Maecenas@DonecnibhQuisque.edu,"P.O. Box 447, 9246 Malesuada Av.",54
Bruno K. Holman,1 28 870 3173-3664,purus.Duis.elementum@Nullam.org,"2403 Ut, Street",64
Margaret H. Hancock,1 60 494 6832-9636,placerat@placerat.com,661-8477 Proin St.,43
Tatyana T. Navarro,1 82 208 2586-0703,Aliquam.nisl.Nulla@Seddiamlorem.org,820-9369 Dapibus Ave,44
Beck J. Manning,1 64 132 3431-6803,tristique.pellentesque.tellus@montesnascetur.com,7874 Habitant St.,50
Kathleen L. Clark,1 56 500 2404-7391,turpis.nec@bibendumullamcorperDuis.ca,"339-8689 Fringilla, Road",34
Graham C. Owens,1 12 346 9960-1105,hendrerit.neque.In@dolorQuisque.edu,Ap #921-9378 Vestibulum St.,22
Cecilia Y. Copeland,1 55 665 8805-8928,Cras@blanditviverraDonec.com,"580-1632 Purus, St.",36
Clementine H. Bernard,1 32 527 1836-7262,mauris@dolorsit.org,330-4680 Sem Avenue,44
Madeline R. Yates,1 92 724 9877-8505,ipsum@tellus.com,572-356 A St.,39
Tucker W. Fernandez,1 49 818 1815-8925,risus.Quisque.libero@estMauris.edu,4040 Mauris Rd.,36
Vaughan W. Sears,1 92 821 3103-0022,vitae.orci@dui.org,547-712 Nunc Av.,30
Anika Q. Sullivan,1 48 527 7008-3186,lobortis@facilisisnonbibendum.org,Ap #615-7575 Sollicitudin Rd.,38
Shelly L. Drake,1 13 477 2209-9098,ipsum.non@nisiAeneaneget.com,Ap #311-9123 Venenatis Avenue,36
Reese D. Joyner,1 23 464 7923-1440,urna.nec@nonummy.ca,"P.O. Box 475, 5331 Odio Avenue",67
Britanney W. Rice,1 55 467 7941-6430,imperdiet.erat@nequevenenatis.edu,865-8208 Cras Ave,34
Sheila W. Dennis,1 83 678 2049-7439,Donec@Donec.com,3188 Erat. Rd.,43
Margaret J. Puckett,1 50 269 1057-9783,ligula.eu.enim@ametconsectetueradipiscing.org,"125 Vulputate, Ave",19
Valentine Z. Massey,1 30 694 1067-9685,blandit.congue@eu.edu,9738 Mi. Av.,34
Raphael D. Patterson,1 87 137 3433-8434,Nullam@sollicitudin.ca,"P.O. Box 785, 8652 Mauris Ave",27
Kyle E. Richmond,1 85 803 6163-4167,nibh.Quisque.nonummy@ante.com,435-1751 Duis Rd.,21
Len Y. Villarreal,1 74 793 3845-4527,Nulla.aliquet.Proin@Morbiquis.com,7944 Donec Av.,31
Ivan Q. Branch,1 61 350 1079-4078,enim.Suspendisse@egetmollis.ca,140-6558 Arcu Street,59
Shoshana P. Joyner,1 29 775 8909-0179,Sed.congue@loremacrisus.com,"P.O. Box 731, 568 At Ave",44
Abigail E. Bradford,1 89 640 6181-9829,consectetuer.rhoncus.Nullam@ligulatortor.ca,"P.O. Box 767, 2669 Varius. Rd.",65
Yvette Z. Wheeler,1 59 167 1310-9390,ipsum@nonummy.org,556-2388 Iaculis Av.,61
Omar C. Wilkinson,1 69 164 1718-7408,ornare.facilisis@ametrisusDonec.org,1935 Cursus Av.,40
Maya Y. Mcconnell,1 84 785 4859-2674,luctus.sit@velarcuCurabitur.com,"P.O. Box 883, 3666 Iaculis Ave",50
Moana V. Christensen,1 28 407 8753-0390,consectetuer.cursus.et@noncursusnon.edu,574-4030 Rhoncus. St.,28
Lester O. Emerson,1 29 700 6412-2986,Sed@egetmetus.ca,"P.O. Box 271, 1315 Est, Av.",21
Marvin M. Moses,1 82 744 7157-7980,mi@acmieleifend.ca,1066 Enim Road,47
Quynn T. Camacho,1 92 456 3747-2197,Donec.tempus.lorem@consequatauctornunc.org,Ap #737-3565 Lectus Rd.,58
Brady X. Dillard,1 70 149 3849-1238,est.Nunc@loremloremluctus.com,"P.O. Box 232, 8266 Diam Avenue",47
Quinn Y. Levy,1 66 243 2470-6656,laoreet.libero.et@vellectusCum.com,Ap #668-8863 Metus. Rd.,42
Medge H. Ball,1 38 813 5388-5265,ad.litora.torquent@vestibulum.edu,"Ap #296-8477 Felis, Rd.",27
Petra C. Johnson,1 31 253 9352-8806,consectetuer.rhoncus@auctor.com,5838 Nibh St.,20
Giselle H. Garcia,1 25 166 3877-1617,interdum.Nunc.sollicitudin@imperdietnec.org,9378 Arcu. Street,49
Galena M. Beasley,1 91 823 1737-3650,erat.vel@natoquepenatibuset.com,"P.O. Box 626, 511 Donec Rd.",18
Teagan Y. Steele,1 52 101 2834-8186,placerat.Cras@Nam.ca,423-8917 Accumsan Street,64
Hoyt Y. Jensen,1 43 838 1391-5750,Donec.tempus@risusquisdiam.edu,Ap #440-3209 Arcu. Road,19
Scott X. Nolan,1 70 475 7596-5357,ornare.facilisis.eget@pharetra.ca,"P.O. Box 192, 1724 Ipsum. Ave",50
Selma Y. Lopez,1 83 671 7182-9315,neque.sed.dictum@faucibus.edu,"P.O. Box 481, 9484 Sodales St.",58
Margaret Y. Bauer,1 38 527 8850-5687,Mauris.ut@Phasellusataugue.com,5858 Pharetra. Street,58
Yvette F. Moss,1 94 894 2893-6711,ultrices.posuere.cubilia@dignissimmagnaa.org,633-2118 Integer Avenue,56
Tyrone I. Cobb,1 71 990 4708-8972,dapibus.rutrum@arcuVestibulum.com,"P.O. Box 693, 9623 Non Rd.",68
Ashton F. Mack,1 84 411 5106-5873,dignissim.magna.a@Lorem.com,541 Tortor. Road,47
Kelsey G. Bowman,1 50 302 2562-7237,Suspendisse.dui.Fusce@facilisisfacilisis.com,485-5546 Massa. Street,26
Sharon F. Lloyd,1 40 365 4966-0133,Donec.porttitor.tellus@penatibusetmagnis.com,"P.O. Box 147, 7414 Pretium Street",34
Kennedy W. Charles,1 70 494 5210-6063,Donec@natoquepenatibus.org,701-9845 Vestibulum Street,50
Noelle J. Barlow,1 15 592 6320-8419,congue@diamSed.com,1166 Nunc St.,30
Brennan X. Holmes,1 10 614 6705-0592,tellus.id@vestibulumlorem.org,180-1773 Ipsum Av.,52
Bevis U. Anderson,1 41 222 3837-5171,condimentum@arcu.ca,Ap #528-7242 A Avenue,37
Ora O. Sampson,1 49 612 7459-7334,Cras.eu.tellus@pulvinar.org,4201 Placerat. St.,64
Tasha K. White,1 63 249 5347-6111,quam@temporest.com,Ap #527-5139 Neque Avenue,21
Lance M. Henry,1 53 489 8937-5612,erat@facilisisnon.org,"P.O. Box 552, 3636 Tempor Avenue",66
Alisa M. Shaffer,1 14 858 2071-8745,Praesent@esttemporbibendum.com,6122 Ultrices Av.,68
Roth M. Middleton,1 25 500 6491-2120,erat@auctorvelitAliquam.org,493-3241 Enim Av.,35
Curran Y. Cotton,1 20 661 2222-8610,torquent.per.conubia@lobortis.com,"P.O. Box 851, 7139 Egestas. Ave",19
Bell J. Carrillo,1 43 535 6927-1493,ligula@gravidanunc.com,324-8436 Proin Rd.,26
Imogene W. Norton,1 57 182 4369-9527,Vestibulum.ante.ipsum@auguescelerisquemollis.edu,799-3118 Nunc Rd.,64
Courtney T. Mack,1 49 424 2224-6606,lectus.Nullam@velsapienimperdiet.com,689-2498 Malesuada Avenue,63
Abraham F. Arnold,1 92 766 7181-3147,eu.accumsan.sed@luctusfelispurus.org,6635 A Road,19
Shaeleigh R. Alston,1 19 711 6382-9638,pretium.neque.Morbi@egestas.com,"P.O. Box 441, 9103 Ultricies Street",46
Rajah F. Rosales,1 86 347 2182-7110,erat@Nullaeget.org,6108 Duis St.,66
Baxter I. Santana,1 13 276 9484-1059,et@sem.com,3873 Velit. St.,54
Adele N. Huber,1 64 647 6884-4782,nec@blandit.ca,"P.O. Box 961, 4880 Egestas St.",44
Brenna X. Gentry,1 83 439 7935-5239,Nam.consequat@inconsectetueripsum.com,"P.O. Box 831, 7356 Sem. St.",23
Zahir P. Orr,1 58 946 3702-5960,eleifend.egestas@musProin.com,"814-1679 Eu, Road",45
Rudyard H. Wilkins,1 99 954 8484-7649,sem@Sedeget.ca,843-1168 Mauris Rd.,59
Charles Z. Todd,1 77 906 9913-7621,ac@atvelit.edu,"995-1762 At, Av.",64
Jena A. Wynn,1 31 929 6293-1945,a.neque.Nullam@sedsemegestas.com,"Ap #824-5346 Orci, Rd.",39
Brian P. Lawson,1 19 602 7056-6769,nisi.Cum.sociis@faucibusut.edu,"P.O. Box 895, 9383 Luctus Street",45
Kasimir B. Puckett,1 98 659 6198-9945,Curae;.Phasellus@justo.edu,Ap #918-5300 Primis St.,61
Whilemina U. Henry,1 59 558 4143-7525,molestie.orci@odio.ca,Ap #492-302 Faucibus. Street,46
Amethyst C. Vinson,1 98 563 4293-6079,auctor.non.feugiat@tristique.ca,4256 Neque. Road,52
Cathleen D. West,1 25 216 1017-3592,iaculis.nec.eleifend@sitamet.com,Ap #532-7144 Proin Avenue,24
Talon O. Mcdonald,1 67 569 1806-9076,lacinia.vitae@mauriserat.edu,5783 Feugiat St.,28
Otto R. David,1 53 609 2848-7468,rutrum@justonecante.edu,1596 Velit. Street,42
Ursa I. Dorsey,1 54 171 5075-0834,arcu.Vivamus.sit@nisiMaurisnulla.ca,9891 Orci. Avenue,26
Dolan Z. Ellis,1 47 960 4111-2629,tempus@Fuscealiquamenim.org,Ap #937-5099 Malesuada. Rd.,49
Sydney P. Hall,1 16 800 6976-3884,egestas@ullamcorpermagna.org,"P.O. Box 547, 5412 Malesuada Avenue",47
Aphrodite C. Jackson,1 73 524 1141-7384,mauris.erat@amet.ca,2383 Pellentesque Ave,48
Yael C. Dickerson,1 58 298 8331-7421,ac.turpis@gravidasit.org,2711 Mauris Street,25
Kelly D. Adams,1 75 206 6886-7690,sed.pede.nec@dolorquam.ca,660-6667 Sed St.,42
Tamara T. Klein,1 10 718 4280-9685,purus@egestasligula.com,"929-9920 Est, Av.",38
Daquan B. Melton,1 75 645 6274-5925,neque.sed.sem@sedest.edu,Ap #283-9735 Ipsum. Av.,41
Justine L. Taylor,1 91 198 6531-1586,risus@infaucibusorci.org,"P.O. Box 905, 1226 Arcu St.",18
Jarrod Z. Fuentes,1 98 837 1478-9220,aliquet.odio@DonecegestasAliquam.ca,Ap #480-6565 Lacinia Avenue,59
Lacota X. Lucas,1 60 359 1428-4753,pharetra.felis.eget@euplacerat.com,308-3813 Pede. Ave,36
Sonya A. Roth,1 73 659 6855-8976,nibh.enim@nec.edu,3669 Lobortis Street,49
Maya W. Riley,1 11 781 4169-1286,Donec.at.arcu@nonmagna.com,Ap #787-2978 Imperdiet St.,53
Armando B. Everett,1 79 859 9270-6976,netus@interdumfeugiat.ca,675-3796 Nec Road,43
Eaton U. Campbell,1 92 108 1849-8779,dui.Suspendisse@habitantmorbitristique.ca,Ap #644-7812 Semper Rd.,68
Alea J. Hester,1 57 536 7376-3503,fermentum.convallis@sociosqu.edu,"P.O. Box 742, 7217 Turpis Avenue",58
Garrett O. Gamble,1 33 968 7113-8504,urna.convallis.erat@nasceturridiculus.ca,"P.O. Box 531, 3016 Duis Road",28
Noble X. Alexander,1 53 306 6034-7561,lorem.luctus@commodo.edu,Ap #796-7965 Mollis Rd.,18
Aimee H. Estrada,1 29 314 6353-9664,Sed.molestie@accumsan.org,Ap #626-4295 A Rd.,24
Caesar X. Conway,1 22 244 2756-3927,eget.varius.ultrices@egestasligula.edu,Ap #443-8512 Magnis Rd.,31
Alexander S. Holloway,1 25 907 1215-4911,semper@Etiam.edu,399-1345 Eros Rd.,63
Yardley T. Knapp,1 35 296 7874-9064,Sed.eu@hendreritconsectetuer.ca,7087 Neque Avenue,21
Emery K. Bright,1 49 497 6485-1649,viverra@consequatauctornunc.ca,102-1180 Integer Street,26
Troy W. West,1 92 936 9766-3059,sit@Donecest.com,"P.O. Box 609, 5012 Pretium St.",37
Alma M. Kidd,1 24 503 7073-0506,Aliquam.ultrices.iaculis@ipsum.com,"883-8773 Id, St.",45
Yeo A. Hopper,1 44 586 9373-0704,amet.nulla.Donec@nibhsit.com,846-2747 Magnis Ave,42
Dustin J. Campbell,1 81 884 3339-2676,ac.mattis.semper@anteVivamusnon.com,8189 Penatibus Rd.,22
Kane X. Byers,1 86 299 1078-5018,tempor.est.ac@Nullaeu.edu,3549 Suscipit St.,41
Carl F. Tyson,1 99 719 5704-6044,nec.euismod.in@anteVivamus.ca,222-7372 Adipiscing Rd.,47
Finn Y. Mathews,1 87 807 8787-2586,sollicitudin@dui.ca,"P.O. Box 991, 5298 Leo St.",49
Gillian J. Neal,1 99 987 6773-5513,lobortis.nisi.nibh@aliquet.ca,Ap #962-8011 Enim Rd.,48
Winifred D. Rollins,1 61 890 7895-5638,metus@nibh.org,"P.O. Box 683, 7654 Vulputate Ave",56
Cassady O. Petersen,1 76 482 5615-4059,semper.auctor@consequat.com,7523 Nam Rd.,30
Mari W. Slater,1 46 111 8847-0942,neque.sed@egestas.ca,"P.O. Box 382, 7008 Phasellus Street",32
Rhiannon A. Nash,1 12 897 5986-7615,Aliquam.nec.enim@sedhendrerita.org,Ap #665-1648 Dolor Street,68
Quynn R. James,1 12 403 6923-4110,Quisque.imperdiet.erat@sit.org,941-2272 Aliquam Road,56
Maryam X. Sims,1 66 436 6679-3716,lorem@semperauctorMauris.com,1384 Phasellus Road,52
Evan P. Mcintyre,1 53 332 9962-6284,Nulla@feugiat.ca,Ap #505-1180 Dictum Ave,32
Scott K. Wise,1 52 118 4316-2125,tempor.est.ac@Infaucibus.org,"P.O. Box 472, 6463 Rutrum Road",60
Ashely Y. Bradford,1 49 974 2750-1927,massa@SuspendissesagittisNullam.com,Ap #229-7299 Ut St.,65
Dale O. Cantrell,1 12 705 6930-1061,commodo@miac.ca,Ap #189-3216 Tellus Av.,54
Mariam L. Humphrey,1 66 617 8873-4764,interdum.feugiat.Sed@Donec.ca,4664 Dui. Rd.,35
Rachel L. Barlow,1 17 152 6288-0667,Fusce.dolor.quam@nequevenenatis.com,Ap #552-3961 Massa. Road,28
Ahmed R. Fischer,1 40 771 5866-5943,est.mollis.non@arcuVestibulumante.edu,Ap #552-6539 Sed Street,25
Ashton O. Carver,1 31 895 9630-1278,dignissim.magna.a@non.org,"550-672 A, St.",48
Damon G. Manning,1 46 499 6780-6547,ullamcorper.Duis@egestashendrerit.com,787-2304 Nibh. Av.,43
Brady O. Petty,1 79 293 7326-9059,vitae.orci.Phasellus@sollicitudinorci.org,"P.O. Box 433, 9989 Imperdiet Av.",18
Ross G. Rhodes,1 38 985 9952-7853,cursus.in.hendrerit@dolorNullasemper.com,"Ap #734-1794 In, St.",46
Troy O. Long,1 93 316 2157-0532,at@tempusloremfringilla.ca,Ap #732-5765 Libero. Rd.,62
Henry B. Farley,1 91 651 9826-0318,auctor.velit@aliquet.ca,Ap #312-9472 Mauris Rd.,28
Walter U. Moses,1 80 180 3453-3369,vestibulum.massa@Nunc.com,"P.O. Box 816, 5815 Sagittis Street",51
Hyatt P. Sandoval,1 67 345 3443-7880,sem@egetdictumplacerat.org,Ap #267-2503 Nec Road,19
Fiona P. Barnes,1 94 450 2847-1914,nisi.a.odio@luctus.com,"Ap #169-2619 Id, Rd.",68
Russell G. Hopkins,1 87 347 7838-0228,aptent.taciti@Nulla.ca,Ap #505-7171 Eu St.,29
Allistair M. Romero,1 16 924 7594-2870,Fusce.feugiat.Lorem@auctornunc.com,"P.O. Box 608, 9099 Erat, Av.",40
Ebony E. Gray,1 53 994 6860-5299,pellentesque.tellus@nisiCumsociis.org,215-5007 Proin Av.,30
Gwendolyn D. Benjamin,1 83 598 9983-4705,in@Aliquamornare.org,"P.O. Box 961, 8257 Class St.",20
Hillary O. Weaver,1 63 671 9318-2065,velit.Pellentesque@necurna.org,4136 Vitae Rd.,55
Zeph S. Mccullough,1 86 171 7085-2783,et.pede@loremsemper.org,"P.O. Box 884, 1936 Nulla Rd.",61
Germaine G. Buckner,1 11 879 5866-6751,vel@at.ca,"P.O. Box 679, 5695 Netus Ave",47
Porter U. Holmes,1 67 888 9769-2569,urna@Vivamusnisi.com,5469 Lacinia Road,41
Jemima C. Mccarthy,1 11 849 5283-1808,eget.ipsum.Donec@dignissimlacus.edu,Ap #938-1840 Et Ave,37
Fiona Y. Ware,1 74 584 7796-2145,Fusce@Donecest.ca,285-762 Pharetra Rd.,21
TaShya G. Zamora,1 33 210 6690-3799,Phasellus.at.augue@purusDuis.org,Ap #630-699 Eget St.,25
Tiger F. Emerson,1 91 224 5466-0260,massa.Quisque@augue.edu,Ap #789-6340 Class St.,56
Howard V. Dalton,1 61 171 3036-5721,tempor.arcu.Vestibulum@laoreetipsumCurabitur.edu,2929 Tincidunt Avenue,30
Silas A. Watts,1 57 475 9867-9872,enim.condimentum@ornare.com,784-6051 Malesuada Road,35
Pandora Q. Hubbard,1 93 698 3458-3341,et@etmagnaPraesent.ca,Ap #768-5148 Molestie. Rd.,21
Addison R. Erickson,1 40 299 4592-8376,enim.non.nisi@mauris.com,4011 Dapibus Avenue,25
Macaulay X. Boone,1 21 938 3492-4383,vel.lectus@Aeneangravidanunc.com,"Ap #584-7944 Id, Road",20
Ingrid L. Rice,1 63 545 7394-6348,ipsum.dolor.sit@consequatdolorvitae.com,Ap #774-4943 Vivamus Avenue,23
Elmo X. Ayers,1 44 670 1355-0945,dictum.eu@ametfaucibusut.org,Ap #183-5267 Ipsum St.,45
Raphael A. Espinoza,1 85 179 5475-4000,at@inhendrerit.org,"P.O. Box 777, 2616 Cras Rd.",26
Hanna S. Golden,1 91 990 5974-5210,nonummy.ut.molestie@rhoncus.com,7643 Nulla St.,39
Hayden E. Rodriquez,1 69 596 5164-1139,consectetuer.ipsum@nec.ca,"P.O. Box 565, 2418 Mi Avenue",35
Morgan C. Bradshaw,1 14 821 8815-2216,sapien.imperdiet@libero.ca,Ap #965-2577 Vestibulum Road,47
Brady V. Richardson,1 54 955 4485-2667,in.cursus.et@magnaDuisdignissim.edu,Ap #137-6240 At Rd.,66
Meghan F. Mcclain,1 36 901 4969-3178,eu.turpis@lobortisrisus.com,5953 Urna. St.,32
Joelle I. Burgess,1 10 962 3322-5622,elit.pretium@afacilisis.com,9888 Elit. Av.,23
Eden Y. Brady,1 83 497 5062-3965,non@leo.com,3500 Gravida. Avenue,39
Kennedy J. Chambers,1 52 662 5065-7153,mattis.velit@orci.org,8985 Molestie St.,48
Olivia I. Sweet,1 13 826 4430-7803,pede.blandit@sollicitudincommodo.edu,117-4051 Mauris Av.,64
Craig V. Cote,1 89 710 1026-4704,malesuada.vel@fermentumconvallis.edu,"P.O. Box 445, 2890 Risus Street",19
Robin L. Foreman,1 75 653 6245-2579,sociis.natoque.penatibus@sodalespurusin.ca,Ap #139-2565 Eleifend Avenue,19
Clayton H. Monroe,1 34 661 2364-8994,nibh@nunc.org,6976 Erat St.,63
Xavier Y. Henderson,1 24 287 4230-4431,fermentum.arcu.Vestibulum@Nunc.org,3524 Proin Road,65
Maxine X. Henry,1 42 872 1139-9722,neque.pellentesque.massa@nonloremvitae.ca,6080 Nunc Road,18
Carly X. Baldwin,1 59 698 9276-4887,a.magna.Lorem@liberodui.edu,"4445 Non, Ave",45
Jemima M. Rosa,1 18 617 2020-9226,est.arcu.ac@nectempus.org,"P.O. Box 328, 5846 Sed Rd.",35
Wallace U. Grimes,1 58 699 4501-7047,libero@magna.org,316-4349 Erat St.,59
Drake K. Odonnell,1 66 741 6905-3654,augue.eu@Aliquamnecenim.org,146-8672 Euismod St.,43
Francesca Y. Brown,1 23 650 3243-8344,orci.lobortis.augue@mollisvitaeposuere.com,282-6711 Id St.,49
Keiko M. Perry,1 10 691 9579-8031,placerat.eget.venenatis@pedeultrices.org,"474 Montes, Street",58
Uta A. Lee,1 61 536 6325-5212,Suspendisse@eros.edu,Ap #556-8907 Mauris Road,36
Petra K. Norris,1 56 951 1057-6892,vitae.aliquam@nisi.com,3993 Vel Avenue,27
Deanna S. Bullock,1 24 588 1485-6961,libero.nec@hendrerit.org,1388 Mauris Ave,21
Cain Z. Burton,1 53 360 4141-0468,dui@Nuncquisarcu.com,996-6047 Suspendisse St.,57
Orli X. Jensen,1 86 171 4083-3985,enim.condimentum.eget@tempor.com,"P.O. Box 755, 379 Maecenas Rd.",24
Aurora S. Avery,1 87 275 8839-1375,dui.Suspendisse.ac@Nuncmauris.org,Ap #129-8230 Curabitur Road,27
Blaine F. Lynch,1 36 394 9125-9099,molestie@infaucibusorci.ca,300-7633 Tellus. St.,53
Raymond N. Rosario,1 99 111 7401-4249,felis@auctorMaurisvel.org,196-4610 Non Avenue,44
Guy H. Obrien,1 14 154 9661-3025,tellus.eu@sed.org,2153 Fusce Street,39
Shad N. Moreno,1 31 994 9455-8424,leo.in@elitfermentum.edu,"P.O. Box 451, 9493 Nec, Street",52
Miranda W. Shaw,1 16 569 7591-4460,sem@magna.ca,Ap #123-2967 Nam Street,60
Chiquita U. Ochoa,1 83 674 3202-9520,libero@auguescelerisquemollis.ca,Ap #662-1774 Sit Street,18
Chastity H. Conrad,1 13 972 3307-6289,Nulla@adipiscing.com,758-8812 Sem. St.,57
Illiana Y. Klein,1 46 277 5747-0878,sed.facilisis@dictumultricies.com,Ap #522-5464 Lobortis Ave,46
Vivian L. Estrada,1 76 961 6883-3581,scelerisque.scelerisque@Maurisvestibulumneque.com,2661 Elit. St.,24
Lavinia P. Sanford,1 23 538 3079-2470,ut.erat.Sed@duiaugue.edu,"P.O. Box 733, 6856 Pellentesque Road",26
Raya L. Livingston,1 91 352 6064-3722,iaculis.quis.pede@Phasellus.com,"P.O. Box 434, 9921 Vivamus Ave",38
Kim C. Pace,1 74 614 7399-0964,sodales@orciquis.com,748-7493 Nunc Rd.,21
Porter B. Burke,1 26 723 3856-6955,enim.commodo.hendrerit@Morbi.ca,869-3319 Nunc St.,23
Colin W. Bartlett,1 38 939 6120-3050,quis.accumsan.convallis@Classaptent.com,Ap #164-195 At Rd.,55
Kyra B. Spence,1 70 253 9578-1801,vitae@augueSedmolestie.ca,"P.O. Box 614, 436 Adipiscing Av.",46
Emerald O. Brooks,1 16 413 5288-1360,lectus.convallis@In.org,1109 Ut Rd.,52
Riley G. Contreras,1 87 593 6676-9298,Phasellus@vitae.edu,"P.O. Box 575, 8993 Pellentesque, St.",41
Adara O. Silva,1 76 794 5448-0057,lorem@netusetmalesuada.ca,Ap #849-8788 Nulla St.,64
Alexander V. Henderson,1 54 601 3807-3521,tempus.risus@egestasligulaNullam.com,"P.O. Box 580, 8254 Duis St.",29
Davis C. Murphy,1 26 591 9620-9007,faucibus.leo@ultricessitamet.edu,Ap #598-8042 Quam Street,52
Naida M. Gibson,1 95 207 8570-4324,quis.diam@dictumProin.org,"P.O. Box 415, 3800 Vitae St.",36
Wallace E. Velez,1 66 515 1258-0050,arcu.Sed@arcu.com,269-6388 Ligula Rd.,45
Eve X. Wood,1 79 885 5369-4952,id@nonarcuVivamus.edu,"P.O. Box 188, 9898 Lorem Road",45
Keefe E. Clements,1 14 291 1896-2322,tempus.eu.ligula@ullamcorpereueuismod.edu,479-5568 Nullam Ave,54
Jarrod S. Mosley,1 11 912 4325-4050,Sed@enimgravida.org,824-6166 Ut Street,31
Bo V. Banks,1 85 555 6468-8003,mollis.non@idanteNunc.com,2240 Magnis Avenue,46
Carla J. Patrick,1 79 587 3328-8925,In.nec.orci@tinciduntnibh.com,"674-3690 Vitae, Avenue",67
Lionel E. Drake,1 24 951 8096-3391,fringilla@quispede.org,968-2681 Sagittis St.,41
Deanna V. Thompson,1 25 136 5216-1168,vitae.aliquet@loremsitamet.edu,Ap #209-6502 Euismod St.,66
Lev F. Meadows,1 18 180 6942-4740,Donec.tempus.lorem@ipsumprimisin.edu,8415 Dui. Road,67
Whoopi C. Mccall,1 65 727 7086-1456,libero.Proin.mi@augueid.edu,577 Aenean Av.,18
Lance W. Kelley,1 44 895 4526-2960,turpis.egestas@dolorvitae.com,4059 Fermentum St.,25
Clinton Z. Dillard,1 32 571 9299-7340,Nunc.quis.arcu@magnisdisparturient.ca,706-9868 Mauris Rd.,44
Priscilla X. Stevens,1 90 283 4405-4243,lorem@Phasellusdapibusquam.org,415-5903 Cursus St.,62
Marvin W. Duran,1 20 709 8281-6222,arcu.Sed.eu@Innec.org,Ap #214-5060 Massa. Avenue,52
Jonah H. Slater,1 45 526 5974-7038,aliquet.metus.urna@nisi.com,317-9560 Eget Rd.,36
Tanek W. Bonner,1 65 789 2318-9064,ridiculus.mus.Donec@commodoauctorvelit.com,723-4646 Maecenas Av.,60
Brandon U. Palmer,1 55 831 5003-2351,magna@Vestibulumanteipsum.com,"P.O. Box 891, 8308 Dui Rd.",62
Cassady I. Larson,1 16 171 6647-1584,dictum.Phasellus.in@mattis.com,"P.O. Box 959, 2355 Elit, Ave",53
Alana N. Browning,1 92 122 7207-8726,erat.eget.ipsum@risusMorbi.org,260-9322 Magnis Road,27
Hilel K. Sutton,1 19 568 8600-3311,sem@ultriciesadipiscing.ca,"P.O. Box 709, 610 Vitae Road",42
Britanni K. Decker,1 36 377 2230-0001,vitae.sodales@Donec.org,957-652 Nulla Avenue,58
Astra W. Porter,1 58 191 7294-4174,pede@egetipsum.edu,Ap #450-7885 Tristique Rd.,48
Rosalyn Q. Pratt,1 68 443 3534-2536,aliquam@ipsumsodales.org,4968 Diam. Avenue,59
Leandra F. Cline,1 47 114 6980-2065,et.risus@sodales.org,"P.O. Box 685, 9267 Augue Street",38
Madonna X. Trujillo,1 54 168 8692-3804,dictum@sagittis.org,575-1029 Commodo Avenue,51
Lunea P. Pugh,1 13 588 9948-8180,massa.lobortis@et.ca,"Ap #912-8869 Enim, Avenue",45
Erin Q. Herrera,1 90 450 7095-0808,mauris.elit.dictum@magnaLoremipsum.org,Ap #328-2445 Sed Avenue,43
Sophia J. Cannon,1 44 804 8398-1076,sociis@auctorvitaealiquet.com,"P.O. Box 593, 841 Varius Ave",23
Belle I. Garrett,1 61 595 9763-5034,ultricies@ultrices.com,"345-4335 At, Rd.",22
Indira E. Williams,1 50 586 7362-2386,consectetuer.ipsum.nunc@sollicitudinorcisem.edu,7122 Duis Rd.,44
Hu U. Buckner,1 81 383 7886-5591,hymenaeos.Mauris.ut@Donecest.ca,9576 Nunc Rd.,51
Baxter N. Mcconnell,1 81 998 8116-4843,et.pede@sociisnatoquepenatibus.edu,"3409 Non, Av.",52
Germane M. Walter,1 35 681 4902-8840,nulla.Integer@aarcuSed.edu,"P.O. Box 964, 2483 Bibendum. St.",51
Paul Z. Barry,1 43 997 5456-8571,tincidunt.orci@magnisdis.edu,"P.O. Box 668, 8791 Est Road",20
McKenzie H. Shepard,1 35 330 7294-7304,convallis@scelerisque.edu,Ap #852-3977 Ligula. Avenue,21
Solomon Y. Austin,1 96 810 4533-2526,neque.venenatis@eulacusQuisque.ca,477-7536 Tellus. Avenue,29
Angelica Q. Mccray,1 24 603 3853-2066,nonummy@diamnuncullamcorper.org,481-9439 Mauris Rd.,36
Nichole C. Greer,1 94 755 2265-5408,ullamcorper.magna.Sed@pedeultrices.com,377-7223 In St.,18
Nathan Y. Carey,1 18 317 7832-0585,urna@lectusante.edu,215-1672 Nulla. Road,46
Jonas H. Jackson,1 51 442 3730-4237,velit@iaculislacus.ca,537 Euismod Road,26
Giselle H. Herrera,1 59 892 3167-3947,vulputate.posuere.vulputate@nulla.org,237-3079 Condimentum Street,32
Lesley I. Davis,1 75 700 7809-0268,Duis.dignissim@rhoncus.org,8818 Aliquam Road,52
Cruz V. Cole,1 54 478 2352-4205,mollis@incursuset.ca,"P.O. Box 704, 9809 Ridiculus Road",36
Alice G. Townsend,1 71 456 9947-1723,nec@euneque.ca,Ap #417-7677 Adipiscing Road,21
Kato B. Holt,1 94 911 1577-4612,eget.mollis.lectus@enimnon.edu,8108 Risus. Road,62
Chastity F. Howell,1 95 735 6857-0637,Suspendisse.commodo@Fuscemi.edu,Ap #319-4571 Vitae Road,49
Merritt L. Cotton,1 53 873 4579-1659,Vivamus.non@Mauris.com,2967 Mauris Ave,64
Hamish E. Stevens,1 84 809 4471-7165,risus@mus.org,"P.O. Box 212, 3045 Tempus Av.",30
Tallulah O. Finch,1 86 494 9858-1963,Pellentesque.ut.ipsum@molestieSedid.ca,Ap #538-1359 Sed Road,42
Kevyn U. Drake,1 81 139 7792-6774,pharetra.Nam.ac@mauris.com,Ap #939-8966 Nunc St.,22
Lucian F. Haney,1 19 587 6905-6849,Nunc.mauris@Loremipsumdolor.edu,863-562 Eu St.,39
Kuame I. Winters,1 65 786 6353-9544,et@feugiatmetussit.org,Ap #268-2032 Eros. Av.,59
Jacob W. Barron,1 86 812 4811-4468,Mauris.vel@pede.com,Ap #268-8718 Sodales Ave,35
Tarik N. Becker,1 75 653 2454-8459,interdum.Nunc.sollicitudin@anteipsum.com,"P.O. Box 322, 4308 Pede Avenue",61
Rama S. Meadows,1 25 862 3276-3228,mauris@tortorInteger.org,603-4903 Risus. Rd.,29
Mechelle Q. Pope,1 55 326 7029-2479,aliquet.nec.imperdiet@lobortis.edu,"P.O. Box 411, 3214 In St.",52
Lisandra E. Stevens,1 85 940 4720-4234,mi.fringilla@nec.org,312-5410 Elit. Ave,39
Dillon T. Stuart,1 94 613 2071-4444,erat.vel.pede@sitametfaucibus.com,2424 Sed Ave,63
Lawrence D. Merrill,1 20 497 4434-7545,in.cursus.et@elit.com,"P.O. Box 549, 2407 Phasellus Avenue",49
Charde W. Boyer,1 16 527 5672-9264,Vestibulum@tempusnonlacinia.ca,"P.O. Box 140, 7606 Vel Ave",20
Blaine H. Dunlap,1 74 455 1078-5368,Quisque@anteipsum.ca,Ap #725-3391 Lacinia. Rd.,33
Salvador B. Hall,1 84 312 7572-5704,tristique.ac@a.org,885-4424 At Ave,18
Jarrod I. Calderon,1 79 788 2193-9511,a@blandit.com,322-4621 Vestibulum Rd.,26
Matthew P. Garrett,1 67 795 7735-9553,libero.mauris@bibendumullamcorper.edu,"Ap #760-3867 Eleifend, Av.",28
Clinton R. Miller,1 42 199 8793-4679,Pellentesque.tincidunt@metusIn.org,707-7357 Nisi. Street,24
George N. Jackson,1 66 220 4203-0723,sem@iaculis.com,206-701 Massa. Rd.,47
Iris I. Potts,1 60 806 5285-6150,arcu@Cras.com,Ap #709-882 Ipsum Ave,20
Wylie D. Conway,1 56 882 9635-1546,in@Sed.org,890-7510 Cras Rd.,65
Hayley A. Hobbs,1 53 259 8480-3439,amet.luctus@adipiscinglobortis.edu,759-8225 Dolor Road,60
acqueline P. Page,1 90 195 4113-0510,Ut.tincidunt.orci@quamPellentesque.edu,494-2694 Rhoncus. Street,55
Phelan O. Yang,1 69 319 4188-5009,enim@vitae.com,835-9099 Nascetur Rd.,45
Chastity U. Golden,1 90 846 8787-1060,et.magnis@non.org,9847 Sed Rd.,30
Hermione B. Ellison,1 38 366 2746-4243,non.dapibus.rutrum@eunibh.org,Ap #570-8818 Imperdiet St.,23
Brenden C. Payne,1 41 444 2607-8815,tincidunt@ligulaeuenim.com,776 Dis Avenue,65
Amaya L. Middleton,1 97 668 9713-1302,vulputate@Donec.com,970-619 Erat Ave,65
Tobias A. Valenzuela,1 89 628 4851-7231,Morbi.quis@Vivamus.ca,"P.O. Box 562, 1739 Egestas. Av.",62
Vera Y. Calhoun,1 80 888 8516-8920,dui.Fusce.aliquam@commodoat.ca,Ap #986-1400 Ipsum St.,38
Byron O. Morrison,1 15 794 7736-5872,diam.Proin.dolor@ornareelit.org,871-3993 Lobortis Street,42
Jameson P. Hall,1 85 345 8142-8264,lobortis.mauris.Suspendisse@nec.edu,"P.O. Box 550, 5769 Aliquet Rd.",31
Upton R. Holcomb,1 48 107 6210-1254,quam@Curabitur.org,"7411 Montes, Ave",55
Jeremy G. Rice,1 10 246 6375-1282,vestibulum.nec@sedhendrerit.com,262-5211 Id Av.,66
Vivien R. Guerra,1 78 598 5031-6792,facilisi.Sed.neque@dictum.org,Ap #513-3095 Fames Ave,37
Tana X. Joyce,1 84 351 1909-4036,eget.odio.Aliquam@eueuismod.ca,"P.O. Box 451, 1178 Laoreet, St.",57
Wilma C. Massey,1 34 622 9480-5815,molestie@interdumNuncsollicitudin.ca,522 Ac Rd.,33
Victor R. Carver,1 19 660 9052-3562,quam.vel@eu.ca,2530 Tellus. Avenue,65
Steven V. Reid,1 90 707 8034-0345,egestas.blandit@hymenaeos.edu,"P.O. Box 646, 3976 A Rd.",37
Lesley Q. Cook,1 50 439 5001-8053,leo@ultriciessemmagna.org,7244 Pede Av.,51
Griffith H. Rush,1 71 898 4027-0680,ac.orci.Ut@eu.edu,8878 Neque. Road,68
Jerome V. Petty,1 23 206 9159-0992,lobortis.quis@velesttempor.edu,"P.O. Box 264, 1771 Ultrices St.",37
Lunea G. Woods,1 64 946 4660-5854,Suspendisse.aliquet.molestie@iaculisodio.edu,Ap #426-6924 Pharetra. Avenue,53
Keegan W. Stephens,1 94 810 3159-5165,at.nisi.Cum@metus.com,782-8496 Magnis Rd.,39
Faith C. Crosby,1 17 986 5785-0900,nec.malesuada@semperNamtempor.ca,6254 Rhoncus. Street,66
Jordan S. Bowers,1 45 156 1269-9067,dui.Suspendisse@orciUtsemper.ca,Ap #491-7509 Quisque Avenue,57
Ora K. Pitts,1 72 535 9316-4423,condimentum.eget@dolorvitaedolor.ca,Ap #589-1932 Pede Av.,46
Audrey H. Mercer,1 83 120 3738-7793,rutrum@nisiCum.org,8407 Enim Rd.,30
Nita U. Kirk,1 90 853 7849-8662,lacus.Nulla@Nunc.org,780-4869 Proin Ave,27
Dolan A. Frank,1 50 539 6149-8238,erat@utnulla.org,6810 Sollicitudin Rd.,55
Nita M. Wolfe,1 21 741 3575-4378,ornare@sociis.org,"P.O. Box 782, 1808 A, Rd.",18
Derek R. Brock,1 18 650 8250-5071,In.nec@atauctorullamcorper.com,"P.O. Box 195, 7402 Hendrerit Road",52
Caryn W. Kent,1 27 987 7527-3523,justo@egestas.org,"P.O. Box 651, 7458 Egestas St.",41
Maile F. Singleton,1 30 711 5102-9546,lacus.Quisque.purus@egestasDuisac.edu,100-6716 Lobortis. Road,43
Allen G. Faulkner,1 59 172 2333-8530,risus.Quisque@Donecegestas.ca,"P.O. Box 701, 3251 Magna St.",43
Aiko E. Fulton,1 53 478 4855-9992,egestas.hendrerit.neque@erosProin.ca,"P.O. Box 377, 9726 Mus. Road",21
Haley J. Moran,1 86 701 1499-8844,aliquet.libero.Integer@uterat.edu,"P.O. Box 788, 2666 Egestas Ave",43
Quintessa M. Massey,1 89 128 7989-9388,ac@necmauris.org,Ap #991-7870 Luctus Avenue,36
Audrey Q. Lynn,1 63 201 2139-9378,Cras@aaliquetvel.com,172 Orci. Rd.,33
Oscar H. Morales,1 50 406 9389-5919,quis.diam.Pellentesque@arcu.ca,Ap #715-917 Sit Av.,26
Colby E. Tate,1 56 881 8124-1621,taciti@non.edu,"2425 A, Street",60
Odessa N. Vaughn,1 80 762 3300-4826,at.velit@et.com,Ap #617-987 Ut Avenue,18
Tatyana G. Woodard,1 77 225 3925-2552,felis@orciUt.ca,"386-5048 Et, St.",38
Ainsley M. Blackwell,1 19 527 2496-6982,risus@egestashendreritneque.com,"P.O. Box 216, 8718 Orci St.",26
Macon R. Collins,1 12 752 7954-1948,Maecenas.iaculis@mieleifendegestas.org,"P.O. Box 664, 9033 Malesuada Rd.",20
Rajah X. Baldwin,1 96 166 3315-0105,euismod@eunullaat.org,861-1061 Pharetra Avenue,20
Tana Y. Phelps,1 95 984 6902-2448,Phasellus.elit@facilisisvitaeorci.ca,"P.O. Box 519, 2785 Convallis Avenue",18
Tana C. Burgess,1 90 889 4887-4787,nec@mollis.ca,8187 Integer Ave,50
Talon C. Vance,1 29 920 9287-2260,dictum@NullafacilisisSuspendisse.ca,"P.O. Box 772, 424 Blandit. St.",20
Karina W. Waller,1 28 829 7227-1569,malesuada.fames.ac@nonummyultricies.ca,Ap #687-4765 Blandit Rd.,64
Ryan Y. Dale,1 87 978 7516-2399,tellus.Suspendisse@Duiselementum.com,"P.O. Box 402, 8010 Tortor St.",53
Asher E. Huber,1 92 491 2889-5312,aliquam.enim@urna.ca,982-7225 Semper Street,43
Anthony H. Beasley,1 71 791 1201-3903,felis.orci@nisinibh.edu,Ap #953-6225 Duis Avenue,65
Harriet R. Mckay,1 86 714 8939-9501,ut.dolor.dapibus@ornare.com,"P.O. Box 714, 8554 Donec Av.",68
Hamilton P. Rush,1 31 290 8622-5154,vel@ametdiam.edu,Ap #812-187 Dolor Road,39
Sonya H. Ortiz,1 80 143 3633-5057,id.nunc@Fuscedolor.ca,"P.O. Box 731, 9580 Placerat. Rd.",44
Dean N. Randall,1 76 394 3096-3506,tristique@lorem.org,Ap #920-7823 Convallis Street,28
Allegra E. Jordan,1 67 904 5339-6492,urna.nec.luctus@consequat.org,100-7274 Ligula. Ave,55
Melissa N. Moon,1 86 902 7931-4654,Suspendisse@placeratCras.org,"P.O. Box 512, 2312 Nam Av.",61
Virginia O. Davenport,1 78 217 8171-8740,Nullam@ullamcorperDuis.com,2150 Dui Avenue,60
Nissim H. Graham,1 92 317 9090-7825,mauris.rhoncus.id@Suspendisse.edu,"Ap #155-8134 Amet, Rd.",28
Amal K. Noel,1 83 713 9447-3574,in@Phasellusnulla.org,9605 Sodales St.,48
Jescie R. Nieves,1 38 792 6307-6011,luctus.felis.purus@etrutrum.ca,Ap #837-6943 Sollicitudin St.,35
Yoko H. Olsen,1 61 924 8941-5713,Phasellus.vitae@eleifendnon.ca,907-1267 Accumsan St.,47
Jack H. Walls,1 89 915 2075-9790,Suspendisse@leo.edu,Ap #451-1086 Quis St.,63
Silas A. Young,1 44 972 8633-7413,scelerisque.neque@massaSuspendisse.edu,Ap #351-795 Sed Rd.,61
Zoe Y. Hurley,1 93 997 4846-7190,sem.eget.massa@sociosqu.ca,"P.O. Box 302, 7155 Enim Rd.",59
Xantha X. Wright,1 89 478 7674-0687,rutrum.magna@scelerisqueloremipsum.ca,"P.O. Box 891, 7886 Odio. Ave",59
Anjolie N. Allison,1 89 577 5153-7212,mi@Phasellus.edu,"Ap #166-8720 Id, Ave",36
Dolan E. Randolph,1 18 256 2049-5549,et.ultrices@non.edu,"P.O. Box 250, 8330 Ut Ave",62
Scarlett T. Tran,1 21 532 3589-6946,elementum.purus@sit.com,8980 Donec Rd.,49
Lysandra U. Alston,1 58 636 8512-7476,libero.Integer@elementumlorem.edu,"P.O. Box 620, 1911 Magna Av.",67
Damian W. Browning,1 87 861 7254-1053,nibh.dolor.nonummy@est.com,"P.O. Box 561, 464 Nibh Avenue",18
Maxine F. Melendez,1 68 357 1332-1675,fermentum.convallis.ligula@nec.org,"P.O. Box 440, 6308 Dolor. St.",67
Lacey A. Cantrell,1 67 674 5091-1353,turpis.Aliquam@Cras.ca,"P.O. Box 477, 1426 Feugiat St.",28
Inez V. Kramer,1 40 946 7041-5517,Mauris.vestibulum.neque@et.ca,4641 Donec St.,63
Alika I. Langley,1 27 765 2755-4368,mi.pede@Donecconsectetuer.ca,"P.O. Box 194, 9600 Nonummy St.",54
Celeste E. Sullivan,1 19 730 4179-3559,scelerisque.neque.sed@milacinia.com,"P.O. Box 751, 3148 Consectetuer St.",21
Wesley A. Herman,1 75 986 8509-9269,ante.dictum@nullaCras.edu,7331 Ullamcorper St.,59
Briar N. Porter,1 47 588 2470-1551,Cum.sociis@vitaedolor.com,3668 Massa. Street,39
Gareth I. Harper,1 12 587 8627-4311,inceptos.hymenaeos@Vivamusnibhdolor.com,2898 Praesent Rd.,65
Octavia X. Mcclure,1 19 343 3671-4676,quis.turpis@luctus.com,"P.O. Box 439, 2532 Nunc Av.",26
Selma L. Beasley,1 87 178 1933-2914,lorem.tristique@accumsan.edu,Ap #666-5279 Nunc St.,43
Mariam T. Tillman,1 87 825 6324-3176,Nulla.semper@Vestibulumaccumsanneque.edu,"P.O. Box 749, 4052 Porttitor St.",34
Hyatt V. Baird,1 96 764 5470-0025,in.magna@a.ca,"2235 Sed, Av.",40
Tamara E. Horton,1 37 636 5931-4862,feugiat.Sed.nec@cursus.com,Ap #752-4029 Suspendisse Rd.,48
Linus V. Craig,1 10 323 1876-3695,pede@Integer.org,2632 Auctor Rd.,32
Desiree A. Saunders,1 64 682 7958-3570,convallis@Nullatemporaugue.org,2845 Sem St.,54
Olivia M. Vance,1 92 782 4282-4529,imperdiet.dictum@Sedeu.org,932-6944 Tincidunt. St.,33
Willow O. Horne,1 71 511 7999-3175,enim.sit@Aeneanegetmagna.org,"775 Elit, St.",65
Xyla W. Hurst,1 67 813 5286-4553,magna.malesuada@posuerecubilia.com,896-2462 Ornare. Rd.,53
August T. Berger,1 10 387 9683-1017,vel.lectus@acsem.edu,685-7283 Aliquam Rd.,63
Uta D. Mcpherson,1 66 236 3659-6279,et.malesuada@nibh.com,891-6807 Consequat Rd.,58
Daria N. Garner,1 22 228 8425-6806,Sed.molestie@Integerin.org,Ap #663-2469 Cras Rd.,29
Urielle X. Burke,1 73 324 5373-1266,penatibus.et.magnis@MaurismagnaDuis.edu,"626-2171 Tellus, Avenue",64
Francis E. Sharpe,1 57 344 6671-1085,eu@erat.edu,Ap #715-6117 Nec Rd.,47
Boris U. Compton,1 15 610 4458-1252,massa.non@a.ca,Ap #368-7099 Risus St.,37
Thane Z. Harrell,1 55 225 7877-2120,rutrum@nullaante.ca,"Ap #184-9340 Eget, Ave",57
Serena M. Dejesus,1 21 826 4389-0768,ut.ipsum.ac@libero.edu,Ap #545-9439 Praesent Ave,35
Dakota H. Barker,1 18 540 6322-7616,iaculis.lacus.pede@justo.ca,1983 Aliquet Ave,38
Kirby X. Skinner,1 51 254 2496-5598,lacus.vestibulum.lorem@pharetraut.com,"Ap #870-6105 At, Av.",49
Lucy U. Irwin,1 10 685 8002-1427,scelerisque.neque.sed@luctusaliquetodio.org,Ap #690-5121 Tristique Street,41
Christen B. Greer,1 89 569 6280-0813,mauris@tristiquepellentesque.org,296-8564 Gravida Rd.,47
Tad C. Koch,1 47 545 4914-5326,malesuada.ut@Aliquameratvolutpat.edu,"P.O. Box 875, 468 Mi Rd.",43
Charity J. Duke,1 71 884 6390-7821,suscipit.est@Uttincidunt.edu,"8541 Pede, Ave",21
Jermaine Y. Stark,1 53 277 9967-4103,vulputate@luctus.ca,713-1810 Ridiculus St.,19
Isadora X. Burt,1 56 741 2588-4742,sed@molestie.ca,177-4090 Ullamcorper Ave,45
Joshua S. Boone,1 55 840 4155-3041,fermentum.arcu@dolorsit.com,2646 Ipsum. St.,28
Noah H. Osborne,1 22 819 3777-7192,dolor.egestas.rhoncus@eunulla.com,"P.O. Box 729, 8147 Risus. Road",38
Randall R. Richmond,1 94 425 6075-3521,a@cursus.edu,"721-8411 Nostra, Avenue",55
Quynn O. Lloyd,1 23 383 8153-7612,eu.neque.pellentesque@odiosemper.ca,Ap #270-3737 Libero St.,41
Kessie H. Becker,1 38 880 2184-9003,parturient.montes.nascetur@Phasellusdapibus.org,Ap #282-6034 Fermentum Rd.,58
Patricia E. Rojas,1 23 356 1340-5699,ornare.lectus@ante.org,3064 Sociis Rd.,52
Halee W. Zimmerman,1 98 679 8013-7271,ultrices@fermentumarcuVestibulum.edu,350-8646 Ac St.,65
Oscar F. Moody,1 40 339 1970-7821,elementum.dui@semperpretiumneque.ca,"P.O. Box 348, 8416 Libero Rd.",25
Keane A. Burke,1 58 662 6956-9439,arcu@ligula.ca,438-2577 Orci St.,67
Harlan V. Le,1 50 955 8210-8065,feugiat@maurisIntegersem.com,9102 Donec St.,53
Wylie B. Harrell,1 23 571 9705-2874,eu.dui.Cum@dictumaugue.edu,"P.O. Box 598, 793 Orci Ave",29
Martina D. Sharp,1 47 540 8870-8513,sapien.gravida.non@eget.ca,Ap #966-4870 Vitae Av.,27
Amela G. Barber,1 36 130 9948-7268,sem@enimgravidasit.edu,946-4648 Velit Rd.,29
Ivan S. Hill,1 64 787 4914-8087,enim.Mauris.quis@Etiambibendum.com,6320 Donec Rd.,49
Jacob O. Whitfield,1 91 138 6865-5056,Sed.malesuada@egestasligulaNullam.edu,Ap #247-8167 Sit Rd.,28
Regina V. Mcknight,1 40 899 9938-6151,arcu.Vestibulum@sapienmolestieorci.edu,343-4811 Egestas. Avenue,68
Solomon V. Morales,1 14 488 5684-6875,augue.eu@parturient.com,7012 Eu Road,40
Olympia S. Cash,1 21 689 6235-1829,enim@nonsollicitudina.com,Ap #923-3412 Mauris Av.,24
Devin V. Bradford,1 78 940 2081-6142,facilisis@egestasrhoncus.org,Ap #827-3125 Lorem St.,42
Fiona V. Daniel,1 54 921 7267-4665,eget@lorem.edu,924-3048 Ipsum. Avenue,33
Kellie P. Brown,1 14 888 3715-4411,Donec.luctus.aliquet@eleifendCrassed.edu,Ap #635-7341 Arcu. Road,44
Sloane V. Morse,1 21 971 4602-9744,risus@Namporttitor.ca,"P.O. Box 484, 7677 Nullam St.",48
Abdul I. Green,1 52 933 2213-6738,Donec.nibh.Quisque@Maecenas.com,Ap #933-1186 Gravida Ave,62
Blair Q. Little,1 75 900 2946-1674,non@elementumsemvitae.com,301-5904 Suspendisse Road,29
Tanner I. Kramer,1 76 833 4334-6382,nec.mauris@purus.ca,8890 Hendrerit Av.,58
Iliana A. Greene,1 15 959 6170-4248,libero.mauris.aliquam@dignissim.com,689-9641 Sed St.,61
Julian T. West,1 33 133 7296-8049,Phasellus.elit@euodio.com,7120 Arcu. Rd.,25
Zephr U. Wood,1 98 395 6379-6416,Lorem@arcuCurabiturut.ca,584-3812 Risus. St.,55
Alika L. Doyle,1 22 492 3218-8458,amet@Suspendisseacmetus.edu,835-6275 Morbi Road,44
Brett X. Chandler,1 81 233 4735-0679,mollis.nec@tristiqueac.com,"P.O. Box 559, 1824 Tellus. Street",40
Winter B. Wright,1 51 239 4537-8014,elit@vehicula.com,"6146 Dui, Rd.",20
Amber O. Merritt,1 20 521 9333-3786,congue.elit@auctorvelitAliquam.edu,832-9154 Lorem Rd.,57
Glenna J. Ochoa,1 47 199 1411-4448,Fusce.mollis.Duis@Nullamnisl.ca,675-8461 Eget St.,67
Ashely X. Myers,1 80 624 3232-2834,netus@uteratSed.org,"P.O. Box 957, 1835 Curabitur Ave",22
Hiram Y. Santana,1 48 627 6890-1133,ornare.Fusce@nuncacmattis.org,Ap #278-733 Non Av.,38
Colt O. Andrews,1 34 427 3800-4894,diam@dignissimlacusAliquam.org,Ap #636-6431 Et St.,38
Dai M. Shelton,1 60 523 9557-8378,bibendum.fermentum.metus@consequatnecmollis.org,"P.O. Box 611, 1469 Libero. St.",22
Bell S. Potter,1 59 695 6489-3450,dolor@enimMaurisquis.ca,1590 In Avenue,66
Aspen N. Chang,1 22 699 2950-5153,et@semmagnanec.ca,1577 Laoreet Rd.,36
Donovan J. Cameron,1 40 456 6825-8353,Duis.at@Proinmi.com,"P.O. Box 354, 8184 Proin Av.",19
Tatyana E. Mckenzie,1 38 362 4080-7723,Nullam.suscipit@malesuadavelconvallis.edu,1930 Egestas Road,67
Signe G. Davidson,1 72 224 4170-4113,risus@felis.edu,"P.O. Box 490, 803 Enim St.",65
Raya C. Bernard,1 79 496 6180-5086,Morbi.neque@fringillamilacinia.edu,Ap #897-4212 Nec Av.,51
Wilma S. Singleton,1 86 803 7333-9519,Vestibulum@lobortisnisinibh.org,949-1415 Luctus Rd.,35
Kylan T. Arnold,1 29 698 3786-4207,Sed@semutcursus.org,918-7174 Elit. Avenue,58
Hiroko X. Nash,1 72 954 9137-3169,magna.malesuada@dapibusligulaAliquam.edu,"P.O. Box 228, 5794 Eu Road",23
Jael V. Joyner,1 38 516 7011-0257,magnis.dis@bibendumullamcorper.edu,Ap #395-1532 Ultrices Rd.,67
Joshua O. Finley,1 67 149 9915-6277,euismod@sed.org,"P.O. Box 245, 8117 Ante Rd.",60
Rae Z. Campos,1 76 332 1369-2518,neque@hendrerita.org,Ap #226-1769 Sagittis Street,28
Graham A. Garza,1 21 218 8410-4474,lectus.justo.eu@Nullamsuscipit.org,"664-6868 Nec, St.",54
Gabriel W. Schroeder,1 51 253 3751-5935,tellus.lorem@et.org,"P.O. Box 159, 4574 Ipsum Rd.",35
Kelsey A. Blankenship,1 34 819 1354-6298,et.libero.Proin@eget.com,628-1488 Velit Rd.,57
Ramona F. Cox,1 27 319 7016-0414,felis@mattisvelit.edu,Ap #828-909 Augue St.,23
Blake G. Nieves,1 84 515 2471-1728,scelerisque.dui.Suspendisse@luctus.ca,6632 Porttitor Rd.,21
Sloane W. Cline,1 92 965 8099-6133,penatibus.et@vel.com,190-2229 Sit Road,58
Priscilla L. Wooten,1 88 667 9644-5445,eros@sagittisfelisDonec.ca,Ap #759-4632 Urna Rd.,64
Ashton D. Malone,1 83 231 9987-8513,Aenean@Crasdictumultricies.ca,268-8282 Arcu. Road,61
Oleg I. Mann,1 66 874 2883-8715,penatibus.et@utdolordapibus.org,288-9119 Neque Rd.,52
Jerome M. Brennan,1 48 164 7521-7090,consequat.auctor.nunc@Donec.com,"654-6939 Vulputate, Street",64
Sophia V. Tillman,1 53 907 7032-7849,sit.amet@musAeneaneget.com,961 In Av.,57
Brielle K. Hale,1 82 371 8008-8891,cubilia@Phasellus.org,Ap #375-2799 Lacus. Avenue,38
Chaney M. Campos,1 92 830 2682-4832,id.mollis.nec@Phasellus.edu,Ap #677-5924 Adipiscing Avenue,41
Felix T. Taylor,1 70 810 2032-2004,dictum.mi@ridiculusmusDonec.org,"Ap #201-8211 Ut, Av.",40
Mufutau A. Hunter,1 27 984 1760-9741,nunc.risus.varius@sed.ca,"Ap #766-2123 Non, Street",39
Deborah G. Fuentes,1 70 771 5609-6867,Mauris.eu.turpis@libero.com,4283 Tempor St.,27
Abdul X. Whitaker,1 23 256 8536-6827,lectus.ante.dictum@utnulla.org,2092 Nunc Av.,27
Francis Y. Everett,1 74 973 2156-7410,nibh@Morbinonsapien.org,"P.O. Box 213, 8423 Sociis St.",42
Xaviera R. Mclaughlin,1 29 906 4047-1538,vulputate@justo.ca,"P.O. Box 570, 8604 Et St.",31
Nathan C. Wood,1 29 781 6713-2279,Curae;.Phasellus@suscipit.com,8480 Nisi Street,26
Wang R. Todd,1 81 472 5794-8620,lectus.a.sollicitudin@nisl.com,Ap #870-3960 Dolor Avenue,58
Bradley Q. Cash,1 31 599 7379-9493,tincidunt@rhoncusNullam.org,"P.O. Box 389, 2363 Ac Rd.",26
Amela O. Booth,1 81 744 8047-7847,Integer.vulputate.risus@ascelerisquesed.edu,Ap #858-4872 Aliquam Rd.,23
Azalia I. Russo,1 38 486 6511-3250,Vivamus.molestie.dapibus@magnanec.edu,"P.O. Box 599, 6590 Urna. Road",53
Aurora E. Key,1 25 958 8965-6177,ipsum.nunc@ut.ca,Ap #776-4404 Ridiculus St.,63
Tate O. Workman,1 60 172 6784-6711,ac.arcu@orciDonecnibh.ca,652-239 Dolor. Road,39
Byron W. Richard,1 16 852 9601-2897,dolor.Nulla@faucibusleoin.edu,"P.O. Box 913, 2234 Eu Rd.",48
Denise P. Sellers,1 79 450 1353-2234,auctor.Mauris@augueac.org,400-1554 Ac St.,54
Lael Y. Bauer,1 23 779 7157-2835,vel@facilisismagnatellus.ca,"P.O. Box 756, 2335 Nisi St.",28
Zachery J. Manning,1 71 462 7307-1228,interdum.enim@ac.edu,6790 Mus. Av.,63
Steel Q. Soto,1 10 664 3789-0531,est@nequeIn.com,795-8106 Varius Rd.,24
Levi U. Morrow,1 55 616 7721-0009,faucibus@Aliquam.ca,134-5098 Nec Ave,65
Jessica T. Farley,1 68 443 9045-8279,habitant@mollis.ca,"556-3051 Id, Rd.",66
Stephanie L. Gibson,1 88 754 6989-8943,nec.ante.blandit@Donec.ca,"P.O. Box 997, 3969 Gravida Ave",53
Dillon Z. Thompson,1 27 365 2415-0049,libero.nec.ligula@Aeneangravida.edu,117 Aenean Rd.,43
Lana N. Carver,1 98 788 9616-2303,Nullam.ut.nisi@pedeCum.edu,730-7427 Volutpat. Rd.,46
Chester O. Lynch,1 71 720 6994-9556,id.enim.Curabitur@semperNamtempor.ca,"P.O. Box 846, 9460 Eget, Rd.",58
Ethan O. Morrison,1 88 145 2172-7721,eu.lacus.Quisque@sodalesatvelit.org,Ap #495-8319 Elit St.,32
Laurel G. Nash,1 49 898 7022-2405,scelerisque@tempusrisusDonec.com,1538 Id Avenue,49
Shannon B. Spears,1 71 633 1329-1994,Phasellus@ornareFuscemollis.org,332-4302 Vestibulum Avenue,19
Deanna E. Daniels,1 80 197 2505-5385,Integer.eu@posuerevulputate.edu,464-7557 Nunc Ave,30
Susan R. Allison,1 92 801 9107-3678,dictum@Donecvitaeerat.org,Ap #605-9144 Sed Street,39
Salvador E. Fuller,1 11 271 4625-5362,Class.aptent@Mauris.com,"P.O. Box 960, 8251 Ut, Street",39
Lillith I. Hanson,1 12 612 8309-8613,dapibus@tempor.edu,Ap #777-8127 Tincidunt Rd.,19
Willow W. Richardson,1 43 373 5357-2972,Nullam.feugiat.placerat@estmauris.org,"P.O. Box 186, 4544 Ac St.",50
Sebastian L. Copeland,1 81 375 6929-4651,sagittis.felis.Donec@semmolestiesodales.edu,907-4920 Porttitor Rd.,45
Yoshio Z. Mcclure,1 64 202 4309-8018,nulla.magna@nonante.ca,1649 Tortor Rd.,60
Keely T. Little,1 10 760 4024-3673,Donec.consectetuer@velquam.org,"4251 Ornare, Rd.",37
Shay I. Weaver,1 17 855 8624-7559,feugiat.tellus.lorem@posuerecubilia.edu,Ap #863-8733 Tempor Road,36
Illana U. Salas,1 86 716 5020-8823,pede.sagittis@sitametdapibus.ca,Ap #908-2547 Arcu St.,65
Ivana U. Brady,1 85 653 3349-8418,imperdiet.non@nulla.org,"P.O. Box 814, 3211 Eu, Rd.",25
Gregory K. Cruz,1 36 514 1703-9379,nec@lacus.org,614-874 Libero St.,64
Linda F. Stephens,1 72 415 1665-6369,nonummy.ac@arcuNuncmauris.edu,"P.O. Box 628, 4114 Purus, Road",30
Tarik I. Williamson,1 85 203 4449-5061,mi.Duis.risus@nibhlaciniaorci.com,Ap #805-4570 Natoque Rd.,66
Tatyana J. Barnes,1 29 447 9672-0270,In.at.pede@velitjusto.org,"956-3435 Pede, Rd.",54
Kyla E. Burns,1 50 281 2268-1263,Integer.vulputate@Sed.org,"Ap #530-6811 Mi, St.",31
Ori P. Miranda,1 41 767 7859-9858,a.nunc.In@iaculisaliquet.edu,"Ap #111-4084 Montes, Rd.",49
Madonna H. Strickland,1 96 950 2268-9449,posuere.cubilia@ipsumPhasellus.edu,Ap #486-9725 Torquent Rd.,19
Zeph L. Wong,1 66 395 9809-9267,Quisque@eu.com,Ap #646-8776 Orci Rd.,34
Casey H. Franco,1 23 369 8983-8648,vestibulum.lorem@atvelit.ca,"P.O. Box 184, 9317 Ante Rd.",53
Quinlan O. Livingston,1 17 839 2650-5599,egestas.nunc@iaculisenim.edu,935-4326 Adipiscing Av.,18
Adrian Y. Lara,1 72 523 2170-3464,Mauris.blandit.enim@velconvallis.org,"279 Lorem, St.",28
Nasim D. Kidd,1 25 264 8991-3030,magnis@variusultrices.edu,327-5784 Nullam Avenue,33
Jaden I. Howell,1 61 882 3987-8869,dui@dictum.ca,9880 Massa. Rd.,19
Peter H. Hays,1 37 770 4982-1110,Duis.risus.odio@enimcommodohendrerit.ca,"P.O. Box 287, 2621 Ac Street",23
September C. Alston,1 87 510 2882-2704,mi.pede.nonummy@egetmetus.edu,Ap #571-9669 Dictum Avenue,18
Octavius G. Clarke,1 80 398 1401-6898,metus@sitametnulla.org,2090 Metus. Street,59
Neil I. Sullivan,1 68 181 9848-7427,augue.eu@porttitortellus.org,Ap #444-742 Ligula Road,50
Lucy V. Schroeder,1 45 771 6807-7825,tempus.lorem@ullamcorperviverraMaecenas.com,2836 Lobortis Avenue,57
Carol D. Shaffer,1 34 703 2509-7677,Proin.vel@ridiculusmus.edu,6392 Vehicula. Street,46
Ima K. Miller,1 73 555 8038-3443,a.aliquet@Class.ca,"Ap #245-8465 Amet, Av.",63
Jeremy N. Nicholson,1 10 247 5930-7346,sem.semper.erat@egestas.com,Ap #230-6488 In St.,38
Priscilla G. Salas,1 62 913 1378-8719,nec.luctus@Proineget.edu,"P.O. Box 698, 3269 Eu St.",37
Ella A. Hyde,1 72 898 2804-9317,interdum@InfaucibusMorbi.com,Ap #588-9651 Diam Rd.,53
Reece A. Miranda,1 29 526 7055-1465,Nunc.pulvinar@iaculisodioNam.com,Ap #262-3240 Donec Avenue,31
Pascale G. Sosa,1 46 848 8904-6092,Duis@elitelitfermentum.ca,2490 Enim. Rd.,35
Skyler N. Simpson,1 21 303 7621-5005,velit.in@Crasvehicula.ca,6264 Pede. Av.,53
Naida P. David,1 95 570 6836-2034,commodo@Curae;Phasellus.com,"P.O. Box 390, 8507 Nunc Avenue",61
Chloe M. Mills,1 93 752 3903-6963,a@nasceturridiculusmus.ca,"P.O. Box 115, 525 Nunc St.",18
Angelica W. Griffith,1 95 534 8090-3906,tortor.Integer@egestas.edu,8676 Quisque Rd.,24
Xander D. Weaver,1 19 238 1934-3153,sit@at.org,6941 Eu Street,42
Travis I. Diaz,1 83 375 3676-5858,Lorem@Nam.com,Ap #560-3362 Suscipit Ave,40
Robert D. Dawson,1 31 459 7862-1398,tristique.aliquet.Phasellus@duinec.edu,7314 Mauris Ave,68
Nadine M. Glover,1 17 329 6331-3009,ipsum@sociosqu.edu,"943-1068 Ut, St.",60
Nicholas O. Avery,1 77 917 7496-0392,arcu.imperdiet@diamat.com,Ap #669-1105 Imperdiet Avenue,49
Autumn S. Barnes,1 97 744 5461-1117,id@idblanditat.edu,600 Donec Av.,42
Noel C. Mitchell,1 82 289 1565-0106,Sed@lectusconvallisest.ca,Ap #553-1633 Adipiscing Avenue,34
Harlan J. Watkins,1 86 194 3132-2988,rutrum.magna.Cras@euenimEtiam.com,8480 Proin Road,35
Rafael W. House,1 97 381 1510-0413,Donec.felis@placerat.com,"P.O. Box 806, 8960 Phasellus Rd.",23
Cairo Y. Osborne,1 54 433 2523-6857,ullamcorper.eu.euismod@nullaatsem.org,"P.O. Box 689, 6110 Lorem, Road",53
Regan P. Harrington,1 95 380 7231-4947,vitae.posuere@Vivamus.edu,"P.O. Box 857, 6601 Mollis Street",51
Xyla G. Frederick,1 61 620 2582-2164,enim.commodo@ornarelectusjusto.edu,"Ap #261-8328 Est, Rd.",62
Hyatt N. Noel,1 16 833 9959-1083,accumsan.neque@eratnonummyultricies.com,Ap #798-7711 Et Rd.,34
Graiden E. Watkins,1 33 874 5677-5735,ut.odio.vel@atauctor.ca,"Ap #724-8446 Placerat, Street",32
Indigo B. Mercer,1 79 192 4798-2650,Quisque@ipsumprimis.edu,Ap #647-3259 Mollis St.,57
Dahlia Q. Alston,1 54 352 3514-9847,fames@nisi.com,8236 Bibendum Road,29
Anne V. Gallegos,1 41 137 6891-0271,vel.lectus@egestas.com,"Ap #274-4386 Non, St.",35
Malcolm E. Hines,1 84 578 6723-3035,eu@risus.edu,406-4114 Dolor Street,39
Aspen W. Mckay,1 42 350 7076-6589,pede.Suspendisse.dui@Curabitur.edu,964-6076 Eu Ave,51
Conan B. Warner,1 60 654 8709-5071,Aliquam.rutrum.lorem@nunc.com,Ap #163-8490 Dui St.,38
Ifeoma A. Salas,1 10 916 9714-6946,risus.Donec@aliquetlobortis.com,"P.O. Box 152, 7500 A, Ave",21
Rafael X. Sargent,1 22 713 7144-1255,et.ipsum.cursus@etmagnisdis.edu,6987 Neque Avenue,55
Kelly U. Paul,1 37 606 7349-6100,turpis.vitae@turpis.org,Ap #711-8031 Gravida. Ave,18
Maggy S. Mccoy,1 41 414 2758-4823,dolor.elit@vestibulumMauris.ca,"P.O. Box 318, 200 Cursus Av.",61
Rylee Q. Orr,1 83 356 4987-1520,ut.erat.Sed@eu.org,"P.O. Box 729, 3508 In Ave",18
Sasha A. Mccray,1 74 732 1576-9756,tincidunt.vehicula.risus@nequeetnunc.ca,685-9316 Diam. St.,22
Rigel L. Miranda,1 84 181 4546-5042,molestie.in.tempus@ridiculusmusDonec.edu,"P.O. Box 806, 7051 Etiam Rd.",29
Brenda E. Goodwin,1 21 869 3673-1387,Maecenas.mi.felis@Sed.ca,Ap #611-6493 Tempus Av.,30
Lavinia Y. Holcomb,1 85 397 5744-9023,Etiam@Lorem.com,206-7365 Mauris Street,36
Oleg Z. Foster,1 98 496 9267-6311,mollis.vitae@id.com,319-2274 Aliquam St.,54
Paki L. Gilbert,1 10 700 6593-5192,dignissim.lacus.Aliquam@vitaealiquet.org,184-1621 Penatibus Street,44
Kerry T. Hatfield,1 31 172 2431-0813,amet.massa@imperdietdictum.edu,"P.O. Box 496, 6404 Nunc Avenue",40
Veda P. Pollard,1 52 915 2223-3665,nascetur.ridiculus.mus@vitaepurusgravida.ca,"233-2403 Nec, Rd.",41
Elijah C. Nolan,1 76 830 1326-4488,Etiam.gravida.molestie@seddictum.com,887-1011 Sed St.,67
Galvin F. Dillard,1 85 882 5755-8974,posuere.at@sem.edu,Ap #184-6421 Ultricies Rd.,51
Kermit T. Lambert,1 58 976 5557-0235,sapien@enimnec.org,7167 Magna. Ave,46
Hillary Q. Ellis,1 19 256 7464-0195,pulvinar.arcu.et@dignissimlacusAliquam.org,3516 Facilisis. Rd.,30
Lara A. Bradford,1 36 452 5440-1148,egestas.hendrerit@hendrerit.edu,3721 Quisque Rd.,30
Rama G. Woods,1 22 822 1866-1116,molestie@arcuVestibulumut.edu,"P.O. Box 975, 1376 Tincidunt, St.",26
Lesley N. Banks,1 88 509 7819-9066,convallis@anuncIn.ca,230-416 Cras Rd.,45
Emi R. Aguilar,1 55 704 5554-2362,elit.pede@necleoMorbi.ca,Ap #640-7448 Nulla Ave,30
Austin H. Sutton,1 61 326 8963-4189,fermentum.arcu@Donecat.org,Ap #966-3386 Praesent Rd.,32
Laura A. Wagner,1 80 916 1387-2845,in.hendrerit@vehiculaPellentesque.edu,2368 Dui. Av.,67
Hiram Y. Rosario,1 70 561 4604-3182,nec.orci.Donec@conubia.org,"P.O. Box 723, 8919 In Av.",55
Julie Z. Mullins,1 50 747 8949-2196,Pellentesque.habitant@Aeneansed.ca,"P.O. Box 357, 1554 Proin Ave",19
Hannah Y. Shepherd,1 23 608 6824-6196,facilisis.vitae@egetmetus.org,"P.O. Box 599, 2249 Consectetuer Rd.",63
Patience B. Kirk,1 88 870 3200-9923,a.sollicitudin@Fusce.ca,8607 Velit. Av.,39
Judah Z. Baker,1 79 729 5182-1051,augue@orci.ca,"P.O. Box 949, 6232 Turpis. Av.",41
Oscar I. Koch,1 20 417 3892-3015,mollis@et.com,3888 Sed Rd.,27
Linus D. Kline,1 39 873 1761-4904,velit@vitaeerat.ca,"P.O. Box 974, 9843 Malesuada Rd.",49
India Z. Riggs,1 63 575 5537-6047,orci.sem@etliberoProin.org,"P.O. Box 231, 735 Cursus. Road",49
Clinton P. Barber,1 84 480 7383-7465,elit@Integer.com,167-7759 In Rd.,53
Ayanna T. Vargas,1 71 839 3673-4017,commodo.hendrerit.Donec@bibendumDonec.org,"527-9037 Elit, Rd.",68
Otto U. Willis,1 40 717 8907-2756,justo@dolordapibusgravida.com,9389 Ligula Road,45
Hasad A. Giles,1 33 721 2373-0631,iaculis.quis@semsempererat.edu,"P.O. Box 981, 9851 Phasellus Rd.",36
Fulton H. Torres,1 82 685 9680-8181,ipsum@bibendumsed.ca,4582 Nonummy Street,37
Dexter J. Jackson,1 38 711 6474-0708,Suspendisse.commodo.tincidunt@et.edu,Ap #754-9689 Porttitor St.,60
Amity H. Petty,1 49 772 6436-0844,vitae.aliquam.eros@acnulla.ca,"Ap #549-686 Orci, Ave",53
Brock R. Rodriquez,1 98 422 4006-5502,tempor.erat@utnisia.org,831-755 Phasellus Rd.,26
Hedda F. Martin,1 16 176 8191-5911,Morbi.quis@elit.com,729-4164 Elit. Rd.,18
Brady B. Davenport,1 36 657 3549-3694,erat@ultricesaauctor.com,"P.O. Box 710, 4779 Egestas Rd.",53
Amy D. Christian,1 12 415 9706-0610,tellus.id.nunc@semperduilectus.ca,"P.O. Box 285, 5498 Eu St.",53
Hanae E. Davenport,1 12 423 6542-4221,amet@eu.ca,986-2415 Senectus Road,46
Colette C. Hoover,1 98 309 6419-0632,suscipit@Quisqueporttitor.ca,"409-6719 Non, Rd.",53
Orson Y. Mullen,1 38 437 2780-3212,lacus.pede@inlobortis.ca,217-5983 Ante St.,63
Ina O. Walls,1 26 209 1438-6076,Integer.aliquam@faucibusidlibero.com,7102 In Street,42
Blaine P. Workman,1 78 164 2362-2766,diam.eu@lectusjustoeu.ca,7185 Enim Street,51
Kibo Q. Wilkins,1 34 720 4110-5232,dis.parturient@vitaeodiosagittis.com,8128 Dapibus Road,33
Aquila D. Burgess,1 77 773 9211-2523,cursus.purus@imperdietnon.edu,2941 Turpis Rd.,64
Kai W. Munoz,1 39 940 7274-6667,Nunc.sollicitudin.commodo@semper.com,8623 Risus Avenue,20
Byron B. Keith,1 43 602 8023-1958,massa.Integer@tristiquesenectus.ca,"P.O. Box 553, 3355 Mauris St.",19
Jonas W. Freeman,1 54 458 7190-0023,ante@indolorFusce.org,Ap #882-8895 Adipiscing Rd.,50
Addison Z. Harris,1 18 394 7206-0150,in@vulputate.org,Ap #174-4073 Risus. Road,28
Odessa C. Erickson,1 42 533 4627-3489,adipiscing.elit@duiaugue.edu,Ap #868-4660 Leo Avenue,23
Kerry N. Lopez,1 72 886 1393-6554,nibh.Quisque.nonummy@commodo.org,"543-6579 A, Rd.",28
Cody R. Knight,1 30 287 5661-7900,magna.nec.quam@enimconsequatpurus.org,Ap #462-7964 Metus Rd.,21
Meghan T. Finley,1 84 358 3760-2373,nisi@nibhQuisque.com,Ap #755-5378 Amet Ave,19
Emmanuel V. Wallace,1 45 114 6304-6717,in@acrisus.com,Ap #584-8755 Consequat Ave,32
Audrey V. Mckinney,1 19 792 4038-6780,justo.sit@dolor.org,310 Eu Rd.,56
Patricia H. Lowe,1 68 426 5143-4747,pede.Nunc@risusvarius.edu,149-6573 Mi St.,62
Marny X. Merrill,1 43 469 3029-5339,Vivamus.non.lorem@maurissagittis.org,"P.O. Box 551, 208 Nisl. St.",28
Raya W. Berger,1 67 551 8088-2802,lobortis.quam@magnisdis.edu,"Ap #481-689 Ullamcorper, Ave",54
Lee S. Marks,1 83 860 5156-9547,risus.Donec.egestas@netusetmalesuada.org,"P.O. Box 330, 3408 Nulla Rd.",52
Sylvia T. Reid,1 63 331 6076-5821,erat.nonummy.ultricies@acfacilisis.org,Ap #604-5702 Integer Road,36
Lana S. Schmidt,1 37 592 8269-9666,mattis@ametorciUt.com,3046 Praesent St.,66
Harding N. Atkins,1 93 170 4453-7363,id@ut.edu,8489 Eleifend Rd.,61
Marcia V. Villarreal,1 98 294 2349-4849,mauris@tellus.org,Ap #474-5174 Luctus Road,18
Tamekah W. Knowles,1 71 850 7700-9358,est.Nunc.laoreet@Vestibulum.org,123-4846 Convallis Avenue,55
Merritt G. Terrell,1 77 755 9309-0800,Nulla.tincidunt.neque@nibhlaciniaorci.edu,6999 Nunc Avenue,40
Tasha M. Bonner,1 48 220 8083-5766,nisi.nibh.lacinia@Sedcongue.ca,188-3440 Nulla St.,47
Avye G. Downs,1 51 405 2172-9803,mi.fringilla@Aliquam.org,581-844 Dui. Ave,39
Abra T. Church,1 62 187 2176-3946,facilisis.eget.ipsum@placerataugueSed.ca,"9904 Scelerisque, Street",19
Kibo O. Duncan,1 66 674 2049-8516,dictum@dignissimpharetra.edu,7380 Aliquet St.,58
Evan Q. Ayala,1 30 256 8216-6360,rutrum.eu@musProin.edu,"Ap #654-2518 Consequat, St.",27
Marvin X. Bolton,1 43 906 1226-1487,enim@interdumCurabitur.org,"P.O. Box 128, 7392 Libero. Av.",23
Otto J. Goodman,1 90 484 8755-8874,elit.Nulla.facilisi@tempus.com,Ap #937-9225 Mauris St.,35
Wilma C. Weber,1 16 446 4848-6241,facilisi@felispurusac.edu,"4719 Mauris, Ave",27
Reed D. Witt,1 73 164 2385-9344,odio@dictummagnaUt.com,"P.O. Box 331, 9378 Proin Av.",34
Aiko U. Parks,1 24 732 1385-5230,Donec@Cumsociis.ca,845-1077 Tellus Road,32
Addison F. Graham,1 33 915 4886-9255,ac.metus.vitae@idenimCurabitur.ca,Ap #532-9792 Orci Road,65
Wing A. Salas,1 38 441 7323-8124,Cum@laciniaatiaculis.com,"P.O. Box 688, 1418 Nibh Rd.",51
Dawn Q. Mejia,1 25 428 3623-3667,Integer.eu@nonlobortisquis.ca,"Ap #805-6143 Amet, Avenue",23
Alfreda G. Edwards,1 75 836 4792-0554,eu.ligula.Aenean@hendrerit.org,Ap #815-9649 Convallis Rd.,46
Gregory E. Ramsey,1 57 474 9576-9552,nisi.a@miacmattis.ca,"Ap #714-8553 Vitae, Avenue",21
Garrison A. Morton,1 90 704 5510-4771,Quisque.porttitor.eros@laoreetposuereenim.ca,7260 Feugiat. Ave,55
Pearl K. Emerson,1 63 723 6217-7629,vitae.diam.Proin@sodalespurusin.ca,"Ap #519-6110 Scelerisque, Av.",35
Cruz B. Griffin,1 91 337 6190-7215,felis.eget.varius@Aliquamtinciduntnunc.org,"4764 Sapien, Rd.",23
Quinn O. Bates,1 43 874 7871-5425,sed.orci@Donecnonjusto.org,694-9534 Congue. Road,18
Emerson M. Warren,1 47 590 9783-5616,suscipit@mollisduiin.edu,"Ap #593-2992 Eu, Rd.",23
Xantha B. Weber,1 92 146 7968-8362,Quisque.ac.libero@porttitortellus.org,"139-4392 Nec, Rd.",66
Nolan G. Wolf,1 89 289 4830-6374,vulputate@Phasellus.edu,Ap #100-7862 Semper Av.,22
Hayfa N. Scott,1 45 553 5723-1172,Nunc.pulvinar.arcu@cursus.edu,Ap #246-6152 Feugiat St.,41
Rae G. Meadows,1 80 133 6899-3627,Proin.vel.arcu@quisturpis.edu,"P.O. Box 760, 2964 Lorem, St.",39
Harper A. Huber,1 82 600 6149-7387,luctus.Curabitur.egestas@duiFuscealiquam.com,Ap #383-4344 Molestie. Avenue,55
Katell A. Chandler,1 95 593 7547-2522,ultricies.sem@Nunc.com,590 Tempus Avenue,29
Rinah N. Mercer,1 33 133 9989-3557,eget.venenatis@penatibuset.ca,"P.O. Box 777, 7313 Orci. Street",54
Ocean T. Mcneil,1 94 446 7501-5994,Sed@enim.ca,Ap #804-1906 Elit Rd.,61
Sigourney P. Wallace,1 66 235 6702-4535,nec@cursuset.org,Ap #964-4021 Fusce Rd.,28
Josephine K. Clements,1 40 396 9195-7669,Fusce@magnis.com,"2370 Leo, St.",32
Kerry G. Welch,1 91 715 1180-7817,metus.Aliquam@liberomauris.ca,"P.O. Box 240, 6459 Sit Street",56
Haley Z. Mcclain,1 61 990 1616-7357,nulla@Integereulacus.ca,"6523 Pellentesque, St.",50
Brooke U. Rutledge,1 75 235 8457-5647,eros@risus.ca,9554 Eros St.,66
Malcolm U. Burris,1 37 905 7670-2557,In@erat.ca,3954 Magna. Avenue,59
Alden R. Malone,1 95 313 6826-4931,nisl@erosnonenim.edu,Ap #848-4790 Sit Rd.,25
Octavius O. Glass,1 53 113 6449-0317,cursus.luctus.ipsum@mi.edu,Ap #821-7956 Duis Ave,38
Grant W. Middleton,1 53 208 6109-7537,auctor.velit@dignissimlacusAliquam.com,310-9542 Pellentesque Road,21
Yen W. Reed,1 41 526 8467-0879,lobortis.quam@Integerurna.ca,546-3541 Orci. Street,54
Sopoline R. Mccarty,1 95 479 5211-1688,erat.eget.ipsum@Incondimentum.com,9744 Adipiscing St.,25
Armand Q. Franklin,1 40 597 5512-4656,fermentum.metus.Aenean@ligulatortor.com,"P.O. Box 817, 9382 Odio Rd.",23
Tamara C. Perez,1 17 461 4111-6728,dolor@etnunc.ca,Ap #626-3422 Nec Street,27
Noelani D. Calhoun,1 80 890 6378-7908,nunc.nulla@lorem.ca,427 Sem Avenue,68
Candace P. Ochoa,1 58 369 2680-7434,non@rhoncusProin.ca,"P.O. Box 487, 9754 Integer Avenue",35
Gabriel J. Stephens,1 30 195 9118-3763,eget.odio@nibhdolornonummy.com,Ap #838-2913 Ac Street,47
Aaron O. Pena,1 40 473 5729-6415,ac.mattis.ornare@sagittis.com,756-6974 Maecenas Av.,53
Finn Z. Lambert,1 95 748 7851-3343,accumsan@Duiscursus.org,8153 Scelerisque Av.,31
Orlando Z. Cole,1 48 398 2456-3358,Nunc.ac@ac.com,Ap #915-4530 Libero Ave,23
Ray X. Franco,1 10 104 9348-5842,posuere@cursusIntegermollis.edu,"P.O. Box 974, 6209 Turpis. Street",57
Mufutau F. Larson,1 83 563 6730-7746,pede@dictum.com,Ap #961-688 Elit. Road,63
Yolanda N. Baker,1 77 195 4417-0900,lorem.Donec.elementum@elitpellentesque.edu,"Ap #398-2689 Augue, Rd.",18
Taylor B. Dale,1 81 139 8393-6453,Cum.sociis@cursusvestibulum.com,Ap #516-9368 Penatibus St.,28
Brynn L. England,1 21 729 8328-1674,enim@dignissimpharetraNam.org,"P.O. Box 808, 5388 In St.",32
Kai F. York,1 71 512 6846-7895,sagittis.placerat.Cras@vitae.ca,Ap #158-8619 Arcu. Road,57
Demetria I. Morse,1 51 378 4207-9825,ac.urna@erosNam.ca,860-8414 Consectetuer Road,56
Idola Q. Travis,1 21 357 4842-2739,vulputate.eu@interdum.ca,2288 Rhoncus. Rd.,50
Drake M. Mclean,1 23 909 1126-8643,arcu.ac.orci@torquent.org,9125 Arcu. Road,27
Callie B. Macdonald,1 41 496 5354-3665,nunc@auctor.ca,4602 Tempor Road,22
Noah A. Tanner,1 60 211 5344-0985,aliquam.eros@nonummy.org,"1576 Convallis, Rd.",45
Caleb N. Love,1 66 346 8570-7332,faucibus.lectus.a@et.ca,"P.O. Box 733, 5232 Proin Av.",50
Gemma U. Jennings,1 96 442 9676-5245,at@dictumplacerataugue.org,"P.O. Box 403, 495 Auctor Road",67
Karly M. Puckett,1 20 999 6248-2058,elit.a@libero.ca,"P.O. Box 584, 4994 Elit. St.",45
Octavia P. Sexton,1 73 315 4143-7785,Phasellus.nulla.Integer@eros.com,Ap #819-1588 Ipsum. St.,57
Timon H. Oneill,1 54 101 5339-7441,turpis@veliteusem.edu,"P.O. Box 399, 8738 Et Avenue",26
Zachery I. Noble,1 75 100 4105-6485,amet@sodalesatvelit.org,376-1722 Enim. Street,32
Forrest E. Kerr,1 54 882 4834-2457,gravida@ridiculusmus.edu,479-8035 Risus Rd.,57
Rama Y. Bruce,1 14 429 9071-4549,dolor.dapibus.gravida@Crasdictum.ca,Ap #511-9942 Morbi St.,32
Thor C. Herring,1 71 262 6045-9531,blandit@miDuis.org,"P.O. Box 531, 7594 Neque. Road",33
Brent H. Cummings,1 41 757 9731-3469,Vestibulum.ante@tempus.com,"P.O. Box 744, 5272 Magna St.",50
Tasha K. Acevedo,1 21 645 7105-0792,aliquet@velitegetlaoreet.org,"P.O. Box 463, 2832 Diam St.",30
Marshall T. Wright,1 38 760 8354-0745,euismod.mauris.eu@etnetus.com,647-1156 Commodo Avenue,43
Ronan U. Knox,1 11 784 6517-4428,magna.Cras@aliquetmagna.ca,8718 Porttitor Rd.,41
Sylvia B. Chan,1 96 854 9617-1832,fringilla.mi@semegestasblandit.org,"P.O. Box 326, 7333 Nunc Av.",49
Scarlet M. Moreno,1 35 635 3207-1699,venenatis.a.magna@malesuada.com,"P.O. Box 780, 8884 Morbi Ave",23
Robin V. Campos,1 49 592 9565-9856,mauris@Loremipsum.ca,"P.O. Box 756, 3329 Dapibus Street",54
Vivien P. Bonner,1 18 783 7329-3868,dapibus.id.blandit@inconsequat.org,Ap #632-4118 Facilisis St.,61
Lisandra E. Callahan,1 30 391 2694-4373,diam.at@sociis.com,1267 Ligula. Avenue,43
Simone C. Page,1 35 747 1499-5165,scelerisque.sed@Pellentesqueultriciesdignissim.com,181-3661 Tellus Avenue,68
Zephania D. Colon,1 50 853 4270-3102,Duis.gravida.Praesent@dapibusligulaAliquam.ca,"P.O. Box 464, 8609 Proin Street",21
Sonia L. Watson,1 89 694 7709-1372,Curabitur.massa@vulputate.org,"P.O. Box 270, 8289 Dictum Av.",36
Emi F. Dejesus,1 40 289 2495-1760,vulputate.posuere.vulputate@aduiCras.org,Ap #480-8125 Nulla. Road,37
Justin F. Abbott,1 82 506 5245-3949,Phasellus@eratSed.edu,"P.O. Box 185, 6334 Fusce Avenue",46
Madison J. Baxter,1 15 424 6653-2787,urna@enim.org,4187 Morbi Ave,29
Otto I. Mcclain,1 41 944 9981-4589,arcu.Vivamus.sit@parturientmontesnascetur.ca,"P.O. Box 165, 896 Ac Road",36
Reese U. Tran,1 16 430 5249-2384,velit.dui.semper@at.edu,2190 Egestas Rd.,36
Chester L. Dale,1 35 313 3875-8182,odio@Utnec.com,1833 Eu Road,45
Cara J. Merritt,1 49 654 8160-5882,ornare.placerat@gravidanunc.ca,Ap #659-8944 Non Road,19
Yael F. Noble,1 58 881 8472-2983,dictum.eu@dignissim.com,Ap #756-7632 At St.,67
Erasmus W. Haney,1 33 558 4375-1233,eget.volutpat@dui.ca,Ap #358-7484 Erat Avenue,51
Skyler L. Jensen,1 87 871 2260-6971,in@felispurus.com,689-7935 Sed Ave,28
Casey Y. Blankenship,1 89 427 2042-2792,et.commodo@arcu.edu,Ap #538-9320 Gravida St.,31
Peter B. Mccoy,1 97 285 1388-5838,a@vitaeeratVivamus.com,"6460 Vel, Road",39
Alea X. Casey,1 94 654 6265-8687,parturient.montes@Curabiturconsequat.edu,1148 Vel Avenue,37
Juliet I. Knowles,1 29 428 3748-2118,dolor.quam@Nunclaoreet.ca,978-8964 Cursus. Ave,23
Wang F. Riddle,1 42 764 6074-3492,egestas.Aliquam@lectusconvallis.org,"P.O. Box 269, 710 Vestibulum, Avenue",63
Lacota U. Barlow,1 79 583 8602-2097,malesuada.augue@venenatislacusEtiam.edu,Ap #630-4790 A St.,42
Odysseus O. Nelson,1 62 639 6989-7490,Sed.et.libero@euultricessit.com,"P.O. Box 478, 1777 Ornare Street",22
Uriel O. Reid,1 44 390 5543-1410,in@egestasrhoncusProin.com,2968 Curabitur Street,48
Brenden A. Gilbert,1 34 909 4523-6681,Aliquam@Nullafacilisi.edu,274 Dictum Av.,25
Shad Z. Dillard,1 28 148 4984-8191,consectetuer.cursus@quamafelis.org,151-3700 Neque Road,19
Stewart B. Franks,1 11 392 2070-4689,dolor.sit@magnanecquam.com,1614 Tellus Rd.,34
Chase J. Herman,1 54 385 3072-3930,vulputate.velit.eu@nuncnullavulputate.org,Ap #951-2251 Faucibus. Ave,19
Ian E. Beasley,1 72 617 1365-6638,risus.Donec.egestas@eu.edu,7665 Nunc Ave,19
Neville Z. Gomez,1 93 495 2212-0256,eu.ligula.Aenean@Namconsequat.edu,423-6155 Sed Road,36
Branden D. Maynard,1 22 511 8514-6368,tellus.lorem@ultricesiaculis.org,"Ap #780-7566 Placerat, Road",24
Athena T. Buckley,1 42 353 6047-8993,Morbi.metus@dolorFuscemi.ca,3830 Convallis Avenue,49
Duncan J. Bright,1 12 519 9324-7842,varius.Nam@cursus.org,Ap #431-7367 Eros. Avenue,39
Flynn U. Mccarty,1 98 938 2700-6431,egestas@turpisNulla.ca,Ap #748-4985 Adipiscing Rd.,42
Hamish F. Soto,1 81 861 6545-6257,elit.Curabitur.sed@aliquam.edu,"Ap #337-6770 Vitae, Ave",27
Quynn R. Hart,1 37 545 7218-9734,magna.Ut@vulputate.org,Ap #305-6171 Tristique Street,30
Raymond X. Stewart,1 96 369 1136-9687,Duis.dignissim@id.ca,"P.O. Box 330, 1523 Tincidunt. St.",32
Savannah X. Guy,1 11 801 4373-4970,eu.odio.tristique@acnullaIn.ca,"4367 Lorem, Av.",48
Zelda W. Jensen,1 27 756 7647-8805,lorem@enimCurabitur.org,"Ap #299-1412 Lorem, Street",19
Aurora L. Barrera,1 70 951 7163-9387,parturient@ultricesposuerecubilia.ca,9110 Et Street,59
Amanda B. Hogan,1 24 229 8283-4550,dui.Fusce.aliquam@lobortisultrices.edu,"P.O. Box 357, 2694 Cras Road",35
Linda G. Bell,1 41 742 2540-3786,sed@in.com,8528 Aenean Rd.,28
Hadassah M. Stewart,1 62 164 5719-0355,at.risus@ad.org,6705 Ut Ave,67
Iliana Z. Frederick,1 35 419 9306-8540,vel.nisl@Nuncut.edu,121-6150 Nulla St.,59
Nero M. Hanson,1 78 860 3922-9636,pharetra.sed@non.org,Ap #735-6890 Elit Avenue,50
Aurelia G. Patterson,1 94 630 4175-4777,ligula.Nullam.feugiat@velit.ca,646-824 Nec Rd.,35
Curran A. Roberson,1 88 717 2712-1297,euismod.est.arcu@ornaresagittis.com,7455 Metus. Rd.,53
Clinton I. Castillo,1 34 505 4925-6427,vitae.sodales@nulla.edu,Ap #352-7291 In Street,45
Tasha H. Kane,1 66 599 9404-8973,tempor.diam@semperegestas.ca,374-2619 Magna. Rd.,53
Yoshio K. Lindsay,1 54 980 6295-2466,magna@Cumsociis.edu,Ap #390-4160 Mauris Street,21
Nero I. Peck,1 46 882 3703-3328,quam.Curabitur@infaucibus.ca,Ap #354-2073 Enim Rd.,62
TaShya H. Larsen,1 92 926 7149-4197,ullamcorper.nisl@rhoncusNullamvelit.ca,"P.O. Box 646, 9389 Ultricies Av.",54
Chase X. Daniels,1 11 430 6332-0469,Pellentesque.ut.ipsum@ligulaelitpretium.com,Ap #156-2513 Ultrices Rd.,41
Brett K. Slater,1 80 671 7147-8710,Proin.sed.turpis@eulacusQuisque.com,"8570 Et, Ave",67
Kiona A. Irwin,1 89 263 9697-7682,Morbi.quis@rutrum.ca,Ap #705-5353 Nunc St.,25
Hoyt A. Knight,1 40 548 4557-5162,nisi.Mauris.nulla@tempus.ca,720-1182 Laoreet Street,46
Dawn C. Robinson,1 41 635 6895-2509,Nulla@eleifendnuncrisus.edu,902-5211 Orci Rd.,49
Faith S. Cox,1 84 598 7522-1126,Aliquam.fringilla@Vivamuseuismodurna.ca,146-904 Lectus St.,20
Iliana O. Wilkins,1 12 771 3200-9632,dolor.elit.pellentesque@Donecnibh.ca,"P.O. Box 435, 1016 Volutpat. St.",26
Rhoda G. Carlson,1 85 346 5136-4674,est.Mauris@temporeratneque.edu,Ap #994-7469 Tempus Road,65
Brynne A. Burch,1 39 257 7713-3379,libero.nec.ligula@arcuVestibulumante.ca,3454 Vivamus St.,29
Caldwell F. Benjamin,1 99 400 6912-6908,mus@ac.com,"P.O. Box 269, 2314 Hendrerit Street",26
Ciaran N. Adams,1 41 660 5905-6978,venenatis.vel@nasceturridiculusmus.ca,5423 Cubilia Ave,53
Bethany W. Mays,1 37 132 5481-5315,eget.venenatis.a@venenatislacus.org,"Ap #757-1616 Eu, Street",58
Jaquelyn I. Wilder,1 20 903 6178-6277,Nam.interdum.enim@porttitorerosnec.edu,Ap #411-686 Nulla Av.,66
Teagan C. Roman,1 72 104 2945-5524,neque@sed.edu,Ap #352-6105 Mauris Avenue,37
Wang L. Weber,1 98 305 5058-2437,dolor@blandit.edu,"P.O. Box 781, 9643 Nullam Ave",22
Eagan S. Dominguez,1 61 600 5300-7166,sit.amet@Nunc.edu,Ap #245-7709 Elit. Street,36
Gannon I. Le,1 48 614 7758-2893,Vivamus.non@lacusAliquamrutrum.org,Ap #292-3908 Ac Road,66
Stephen S. Lowery,1 38 353 1145-8207,nec.ante@liberolacusvarius.org,3428 Integer Av.,65
Gannon D. Baxter,1 79 127 3197-4099,Lorem.ipsum@magna.org,"P.O. Box 638, 1085 Ac Rd.",67
Jamalia I. Barron,1 43 451 4530-7505,risus@mifelis.org,"P.O. Box 806, 8102 Arcu. St.",49
Wynne S. Henderson,1 98 722 2672-9360,Mauris@pharetra.edu,"P.O. Box 712, 4988 Massa. St.",28
Rhonda A. Farmer,1 42 411 3945-0033,ornare@ametanteVivamus.ca,Ap #377-3708 Massa. Street,54
Hu F. Bartlett,1 68 562 7049-3338,vestibulum.neque@tellus.com,Ap #714-8683 Risus. Ave,61
Cheryl F. Clarke,1 95 312 1683-3982,enim@luctusipsum.org,613-2680 Odio. Road,21
Charity Y. Ware,1 11 220 7419-5879,Cum@molestietortornibh.ca,"P.O. Box 557, 2211 Lectus St.",41
Shellie S. Rodgers,1 99 689 8928-7706,netus@tinciduntadipiscing.edu,Ap #999-9818 Malesuada St.,50
Ava W. Keller,1 53 622 6916-7185,non.magna.Nam@tempusscelerisque.ca,"P.O. Box 516, 9291 Quis Av.",30
Yardley F. Velez,1 60 745 1173-7743,malesuada.vel@feugiat.com,6526 Mauris Rd.,66
Robert K. Serrano,1 70 462 1694-2050,Duis.mi@convallisincursus.org,744 Eu Rd.,67
Laura X. Mcdonald,1 35 709 5131-4384,Quisque.tincidunt.pede@pellentesquea.edu,7184 Malesuada Ave,37
Stewart F. Craig,1 91 850 1080-0213,non.justo@ultricesposuerecubilia.edu,981-3090 Malesuada Street,35
Nolan B. Bender,1 19 328 4045-0431,Aenean.eget@risusa.edu,989-1738 Arcu. Rd.,46
Jerome W. Carlson,1 88 989 8127-5311,at.pretium@interdumligula.edu,"P.O. Box 289, 9097 Massa. Avenue",49
Karleigh U. Terry,1 13 991 8807-7294,penatibus.et.magnis@utdolor.ca,420-5441 Phasellus Road,32
Graham F. Randall,1 92 173 5626-4171,Suspendisse.dui.Fusce@nisl.org,"Ap #341-2467 Amet, St.",21
Lysandra P. Mcgowan,1 99 419 6269-6323,faucibus.ut.nulla@lacus.com,7869 Eu St.,53
Preston Z. Huff,1 15 651 5556-4181,molestie@ligulaNullam.ca,3568 Nullam Av.,28
Wallace Y. Lott,1 72 712 7783-8383,semper.et.lacinia@turpisIn.org,"P.O. Box 983, 424 Ac St.",37
Rooney S. Ware,1 18 396 5687-3556,ultrices.Duis@infaucibus.ca,"Ap #469-8190 Consequat, St.",54
Ivan T. Rowe,1 86 756 6851-3290,gravida.sit@Quisqueac.ca,Ap #367-7936 Nisi. Avenue,60
Rhonda Q. Cooper,1 56 424 1906-5827,montes@NuncmaurisMorbi.edu,Ap #183-4495 Eu Avenue,38
Neville E. Prince,1 55 410 1635-6253,Nullam.feugiat.placerat@quisaccumsan.org,3138 Mollis St.,36
Raya M. Sampson,1 32 293 7578-5848,Maecenas.libero@volutpat.org,"P.O. Box 405, 8311 Nulla. Street",32
Judah P. Oneil,1 84 437 6560-2170,massa.non.ante@eudui.ca,2734 Dui. Ave,50
Arsenio Z. Henson,1 96 552 4066-7314,aliquet@Donecegestas.com,"P.O. Box 145, 6605 Sollicitudin Ave",57
Rosalyn B. Jarvis,1 55 544 2904-2019,luctus.sit.amet@arcu.ca,333 Sed Avenue,35
Lael K. Berger,1 38 269 6231-6506,iaculis.enim.sit@pellentesqueSeddictum.com,923-3230 Eget Rd.,67
Sheila Z. Christian,1 27 159 9768-4815,commodo.auctor@aptenttaciti.org,1511 Eget St.,51
Frances O. Mack,1 65 485 6552-5401,enim@risus.edu,Ap #919-7807 Ridiculus St.,44
Wade R. Lucas,1 68 215 7532-2874,Cras.lorem@facilisisfacilisis.org,9312 Commodo Ave,34
Ashely G. Maldonado,1 80 237 8299-7651,erat.eget.ipsum@natoque.edu,Ap #138-4451 Bibendum. Avenue,43
Oleg K. Hardy,1 14 923 1467-2972,lorem.auctor.quis@eteuismodet.com,6962 Parturient Avenue,36
Sigourney K. Fitzgerald,1 37 262 2114-4291,nec@ac.com,"P.O. Box 798, 3358 Ultricies St.",54
Nathaniel K. Eaton,1 11 744 5516-7282,amet.risus.Donec@tempor.edu,"8600 Elit, Avenue",60
Summer Q. Benson,1 27 342 4598-0341,augue@acfermentum.com,Ap #911-1627 Quis St.,20
Skyler X. Wheeler,1 78 930 7659-0188,Sed@amet.com,851-6660 Cras Rd.,35
Jaden N. Marshall,1 54 531 3343-1080,Morbi@risusNuncac.edu,552-5730 Nulla St.,65
Rhoda P. Head,1 28 263 6177-4117,Mauris@augueSed.com,754-3301 Faucibus St.,40
Ariana A. Schultz,1 16 467 3746-3530,enim.nec.tempus@luctus.org,8940 Mauris Road,20
Basia U. Cherry,1 46 826 8804-6220,elit.pretium.et@idrisus.org,4101 Donec Ave,38
Jameson I. Sears,1 48 456 8150-7397,cursus.in.hendrerit@sollicitudin.org,238-2676 Ipsum. Rd.,65
Sybill I. Coleman,1 36 260 1057-8629,elit.pretium@erosNamconsequat.com,222-350 Lorem St.,68
Irene G. Clemons,1 40 573 1890-9966,Pellentesque.tincidunt.tempus@elitfermentumrisus.org,8245 Donec Ave,26
Theodore H. Daugherty,1 92 714 2198-5074,sapien@Donecvitae.com,"P.O. Box 220, 6738 Natoque St.",47
Sandra K. Howard,1 93 632 8033-1529,litora@mattisCraseget.com,"P.O. Box 643, 3500 Magnis St.",24
Paula U. Johns,1 33 373 6368-2625,netus.et.malesuada@eratnonummyultricies.ca,"488-8290 Sed, Rd.",43
Kerry W. Holden,1 61 345 6729-2651,molestie.in.tempus@dignissimMaecenas.edu,2533 Duis St.,29
Francis R. Potter,1 22 250 8743-2005,ligula.Aenean.gravida@luctus.org,3666 Imperdiet Ave,57
Driscoll P. Levine,1 57 924 1466-5440,ultrices.posuere.cubilia@elementum.com,638-6639 Phasellus St.,37
Giacomo T. Middleton,1 29 374 1664-7104,cursus.vestibulum.Mauris@aliquetodioEtiam.com,"P.O. Box 917, 8853 Aenean Av.",36
Evelyn A. Joseph,1 78 649 6779-7361,turpis@mauris.org,291-2102 Lacus Rd.,29
Ila C. Bryant,1 84 681 4453-0210,purus@auctorMaurisvel.org,244-3205 Nullam Rd.,61
Kristen B. Leach,1 89 297 6456-9023,Suspendisse@tinciduntaliquam.org,Ap #643-3110 Posuere Ave,26
Teegan M. Hyde,1 70 188 9977-5222,sit@seddui.com,552-8440 Consectetuer Avenue,28
Clare N. Horton,1 43 981 1898-8855,posuere.cubilia@nibhlaciniaorci.ca,542-2151 Sit St.,30
Vincent C. Patton,1 29 562 8619-6094,Etiam.laoreet.libero@temporbibendumDonec.edu,5990 Vestibulum Street,37
Cadman W. Walker,1 41 802 9976-2624,Suspendisse.dui@magnaDuis.com,"810-5907 At, Road",25
Anjolie T. Lawrence,1 56 630 8101-1097,Nunc@et.edu,"4422 Sapien, St.",45
Carson I. Singleton,1 79 427 8931-9230,orci.in@diam.edu,207-776 Nullam Av.,32
Eve S. Strong,1 80 617 6502-3065,Quisque.libero.lacus@Curabitursedtortor.edu,538-4785 Morbi St.,32
Piper J. Mcfadden,1 19 377 3390-8411,est.congue.a@porttitorscelerisqueneque.edu,"P.O. Box 958, 5226 Orci Street",29
Ian S. Adkins,1 77 308 2259-5986,Quisque.ac.libero@leoMorbineque.edu,"Ap #207-5486 Nec, Av.",59
Dominic I. Key,1 59 426 1569-7946,ligula.Aliquam@eleifendnec.edu,"P.O. Box 149, 9642 Eros. Avenue",67
Malcolm N. Booker,1 53 178 9105-2521,Nulla@nonummyac.org,"1449 Ac, Rd.",35
Tanner K. Flowers,1 82 197 5282-1732,tellus@nibhenimgravida.org,120-4234 Semper Ave,29
Joy J. Gallegos,1 82 620 9207-7359,lorem.luctus@lacusvestibulum.org,"P.O. Box 653, 5382 Maecenas Rd.",55
Stuart E. Maddox,1 10 548 7017-0377,nisi@sapien.org,"P.O. Box 120, 4322 Neque. Rd.",52
Asher F. Barrera,1 89 790 8447-1589,egestas.rhoncus@lectusjustoeu.com,Ap #409-311 Lacus. Rd.,18
Kirk L. Barry,1 21 549 4194-9387,vestibulum.neque@quisaccumsan.edu,249-9779 Consectetuer St.,60
Moses W. Gallagher,1 78 910 1659-0684,ante.ipsum.primis@Nulla.ca,"P.O. Box 755, 7261 At Avenue",38
Alice J. Sweet,1 85 772 6646-6016,lorem@sitamet.org,4493 Auctor Ave,41
Trevor F. Neal,1 60 354 1018-3647,pellentesque.Sed@sagittisplaceratCras.org,"P.O. Box 332, 9988 Fringilla Road",62
acqueline I. Wilkins,1 58 965 1804-9158,posuere.at@molestie.org,"P.O. Box 178, 8799 Mauris St.",46
Destiny O. Cameron,1 21 546 4429-4198,non@risusNunc.org,2854 Mus. St.,45
Zoe Q. Henry,1 89 905 1104-7480,iaculis.enim@metus.edu,Ap #262-1376 Per Rd.,32
Giselle O. Bell,1 90 959 9494-4049,dolor.dapibus.gravida@egestasAliquamfringilla.com,Ap #333-2722 Nec St.,24
Solomon G. Horton,1 28 377 4623-6620,Morbi@mollisInteger.edu,"P.O. Box 793, 9641 In Av.",20
Ifeoma I. Daugherty,1 50 782 6192-5658,facilisi@metus.com,679-3894 Felis Avenue,34
Nerea H. Case,1 75 501 6898-4076,vel.est@arcu.org,"P.O. Box 819, 9717 Risus Rd.",68
Daryl J. Melton,1 63 580 1312-9917,taciti.sociosqu@orciDonec.ca,764-7456 Gravida Street,60
Rose U. Lopez,1 87 413 7628-7590,Suspendisse.non@arcu.com,"383-8929 Non, Av.",56
Madeson M. Mitchell,1 54 122 8641-4132,nonummy.ac.feugiat@consectetuer.com,4847 Aenean St.,45
Marcia W. Valentine,1 56 511 9612-8082,ligula@temporarcu.org,1857 Imperdiet Rd.,67
Tad T. England,1 48 426 9910-0062,fringilla@Duis.ca,"P.O. Box 132, 496 Enim Rd.",40
,,,,
